상태,지령여부,고객번호,계약번호,서비스번호,고객명,상호,VOC유형대,VOC유형중,VOC유형소,VOC유형,해지상세,등록내용,처리자,처리유형,처리내용,담당유형,담당상세,접수일시,처리완료일시,결재일자,등록경로,RAS ID,접수번호,클레임구분,서비스대,서비스중,서비스소,회선방식대,회선방식중,서비스개시일,계약종료일,월정료(VAT미포함),접수횟수,본사,팀,P/N/G,4대지악유무,관리본부,관리지사,방문활동 완료여부,관련AS,설치주소,지도링크,합산월정료,담당자,위도,경도,시,군구,읍면동,"위치좌표(위도,경도)",지도링크_URL,지도링크
처리완료,N,30226519.0,50905885.0,61086873,박용*,서울창조경제혁신센터(OCT),리텐션,관리고객,해지고위험,방문활동,,사전리텐션 방문활동 타겟 알림을 위한 VOC 생성,,>>,,SP,G000403,2025-12-31 10:51:58.0,,,직접입력,,VOC20251231105146786,해당없음,기본서비스,텔레캅아이,ktt OCT 가드(DVR),무선회선,LTE Single KT,,,,1,영업채널본부,리텐션팀,,N,강북/강원본부,중앙지사,,,서울 용산구 한강로2가 410-1 용산푸르지오써밋 5층,,"110,000",오광훈,37.527633060314,126.964931891983,서울,용산구,,"37.527633060314,126.964931891983","https://www.google.com/maps?q=37.527633060314,126.964931891983",길찾기
미접수,N,30558325.0,51024658.0,61224815,송의*,그린원푸드(OCT),리텐션,관리고객,해지고위험,방문활동,,사전리텐션 방문활동 타겟 알림을 위한 VOC 생성,,>>,,SP,G000601,2025-12-31 10:51:58.0,,,직접입력,,VOC20251231105146790,해당없음,기본서비스,텔레캅아이,ktt OCT 가드(NVR),무선회선,LTE Single KT,,,,1,영업채널본부,리텐션팀,,N,강북/강원본부,남양주지사,,,경기 남양주시 화도읍 가곡리 308-11번지공장동,,"454,000",홍종철,37.6881998868359,127.303495767272,경기,남양주시,화도읍,"37.6881998868359,127.303495767272","https://www.google.com/maps?q=37.6881998868359,127.303495767272",길찾기
미접수,N,30626701.0,51304549.0,61609780,윤경*,구리시발달장애인평생교육센타,리텐션,관리고객,해지고위험,방문활동,,사전리텐션 방문활동 타겟 알림을 위한 VOC 생성,,>>,,SP,G000603,2025-12-31 10:51:58.0,,,직접입력,,VOC20251231105146800,해당없음,기본서비스,GiGAeyes Basic,GiGAeyes Basic,초고속인터넷,TCP-IP(All-IoT),,,,1,영업채널본부,리텐션팀,,N,강북/강원본부,남양주지사,,,경기 구리시 교문동 754-7,,"210,000",원동현,37.5936850534636,127.131880395718,경기,구리시,교문동,"37.5936850534636,127.131880395718","https://www.google.com/maps?q=37.5936850534636,127.131880395718",길찾기
처리완료,N,30557732.0,51467036.0,61940746,이몬*,(주)리워터- 소각장,리텐션,관리고객,해지고위험,방문활동,,사전리텐션 방문활동 타겟 알림을 위한 VOC 생성,,>>,,SP,G000602,2025-12-31 10:51:58.0,,,직접입력,,VOC20251231105146802,해당없음,기본서비스,텔레캅아이,ktt OCT 가드(NVR),무선회선,LTE Single KT,,,,1,영업채널본부,리텐션팀,,N,강북/강원본부,남양주지사,,,경기 남양주시 별내동 802 별내크린센터 3층 사무실,,"580,000",조형근,37.6737820606212,127.11298102609,경기,남양주시,별내동,"37.6737820606212,127.11298102609","https://www.google.com/maps?q=37.6737820606212,127.11298102609",길찾기
처리완료,N,30444451.0,51596895.0,62213411,한국음악저작*,한국음악저작원-서울2,리텐션,관리고객,해지고위험,방문활동,,사전리텐션 방문활동 타겟 알림을 위한 VOC 생성,,>>,,SP,G000201,2025-12-31 10:51:58.0,,,직접입력,,VOC20251231105146806,해당없음,기본서비스,GiGAeyes Basic,GiGAeyes Basic,초고속인터넷,TCP-IP(All-IoT),,,,1,영업채널본부,리텐션팀,,N,강북/강원본부,서대문지사,,,서울 은평구 진관동 100-1,,"70,000",유범식,37.6338080221674,126.917749267289,서울,은평구,진관동,"37.6338080221674,126.917749267289","https://www.google.com/maps?q=37.6338080221674,126.917749267289",길찾기
미접수,N,30893275.0,51820872.0,62688760,(주)티디에이치컴퍼*,티디에이치빌딩(GiGAeyes guard),리텐션,관리고객,해지고위험,방문활동,,사전리텐션 방문활동 타겟 알림을 위한 VOC 생성,,>>,,SP,G000102,2025-12-31 10:51:58.0,,,직접입력,,VOC20251231105146808,해당없음,기본서비스,텔레캅아이,GiGAeyes guard+(NVR),초고속인터넷,TCP-IP(All-IoT),,,,1,영업채널본부,리텐션팀,,N,강북/강원본부,강북지사,,,서울 도봉구 방학동 668-5번지,,"80,000",성진수,37.6625747494623,127.03252771368,서울,도봉구,방학동,"37.6625747494623,127.03252771368","https://www.google.com/maps?q=37.6625747494623,127.03252771368",길찾기
처리완료,N,30887989.0,52081889.0,63235546,이종*,에스큐브 3호점,리텐션,관리고객,해지고위험,방문활동,,사전리텐션 방문활동 타겟 알림을 위한 VOC 생성,,>>,,SP,G000203,2025-12-31 10:51:58.0,,,직접입력,,VOC20251231105146810,해당없음,기본서비스,텔레캅아이,단독형 I 지문리더,무회선,로컬운영,,,,1,영업채널본부,리텐션팀,,N,강북/강원본부,서대문지사,,,서울 서대문구 창천동 20-81 2층,,"280,000",최용호,37.5567886918274,126.939198789526,서울,서대문구,창천동,"37.5567886918274,126.939198789526","https://www.google.com/maps?q=37.5567886918274,126.939198789526",길찾기
미접수,N,30952513.0,51892670.0,62844684,(주)엔케이티엠에*,엔케이티엠에스-드림코아(GiGAeyes guard),리텐션,관리고객,해지고위험,방문활동,,사전리텐션 방문활동 타겟 알림을 위한 VOC 생성,,>>,,SP,G000601,2025-12-31 10:51:58.0,,,직접입력,,VOC20251231105146816,해당없음,기본서비스,텔레캅아이,GiGAeyes guard+(NVR),초고속인터넷,TCP-IP(All-IoT),,,,1,영업채널본부,리텐션팀,,N,강북/강원본부,남양주지사,,,경기 남양주시 평내동 경기 남양주시 평내로 88 드림코아,,"100,000",홍종철,37.6432960303462,127.236911258503,경기,남양주시,평내동,"37.6432960303462,127.236911258503","https://www.google.com/maps?q=37.6432960303462,127.236911258503",길찾기
처리완료,N,30668294.0,51912002.0,62885978,시아테마파*,카임타워(GiGAeyes guard),리텐션,관리고객,해지고위험,방문활동,,사전리텐션 방문활동 타겟 알림을 위한 VOC 생성,,>>,,SP,G000404,2025-12-31 10:51:58.0,,,직접입력,,VOC20251231105146828,해당없음,기본서비스,텔레캅아이,GiGAeyes guard+(NVR),초고속인터넷,TCP-IP(All-IoT),,,,1,영업채널본부,리텐션팀,,N,강북/강원본부,중앙지사,,,서울 중구 신당동 251-130번지 카임타워,,"140,000",권대호,37.5662671519741,127.013071828675,서울,중구,신당동,"37.5662671519741,127.013071828675","https://www.google.com/maps?q=37.5662671519741,127.013071828675",길찾기
처리완료,N,31136262.0,51704488.0,62447798,강승*,해비치,리텐션,관리고객,해지고위험,방문활동,,사전리텐션 방문활동 타겟 알림을 위한 VOC 생성,,>>,,SP,G000404,2025-12-31 10:51:58.0,,,직접입력,,VOC20251231105146830,해당없음,기본서비스,텔레캅아이,GiGAeyes guard+(NVR),초고속인터넷,TCP-IP(All-IoT),,,,1,영업채널본부,리텐션팀,,N,강북/강원본부,중앙지사,,,서울 중구 황학동 1834,,"120,000",권대호,37.5701119435829,127.020281245545,서울,중구,황학동,"37.5701119435829,127.020281245545","https://www.google.com/maps?q=37.5701119435829,127.020281245545",길찾기
처리완료,N,30559474.0,51583793.0,62184186,김기*,(주)지에프컴퍼니,리텐션,관리고객,해지고위험,방문활동,,사전리텐션 방문활동 타겟 알림을 위한 VOC 생성,,>>,,SP,G000406,2025-12-31 10:51:58.0,,,직접입력,,VOC20251231105146834,해당없음,기본서비스,텔레캅아이,ktt GiGAeyes view+(NVR),무회선,로컬운영,,,,1,영업채널본부,리텐션팀,,N,강북/강원본부,중앙지사,,,서울 성북구 보문동6가 458번지 보문파크자이 자이안센터,,"85,000",김지한,37.5801292275843,127.018477572425,서울,성북구,보문동,"37.5801292275843,127.018477572425","https://www.google.com/maps?q=37.5801292275843,127.018477572425",길찾기
접수,N,30057611.0,50127152.0,60152187,엄욱*,서울속내과(OCT),리텐션,관리고객,해지고위험,방문활동,,사전리텐션 방문활동 타겟 알림을 위한 VOC 생성,,>>,,SP,G000302,2025-12-31 10:51:58.0,,,직접입력,,VOC20251231105146838,해당없음,기본서비스,텔레캅아이,ktt OCT 가드(DVR),공중회선,메인,,,,1,영업채널본부,리텐션팀,,N,강북/강원본부,고양지사,,,경기 고양시 덕양구 행신동 1081 월드타워빌딩302호 (가라뫼사거리),,"134,000",강경필,37.6191500080857,126.844876651475,경기,고양시,행신동,"37.6191500080857,126.844876651475","https://www.google.com/maps?q=37.6191500080857,126.844876651475",길찾기
접수,N,30316949.0,51092054.0,61313381,강릉초당두부주식회*,강릉초당두부창고(OCT),리텐션,관리고객,해지고위험,방문활동,,사전리텐션 방문활동 타겟 알림을 위한 VOC 생성,,>>,,SP,G000605,2025-12-31 10:51:58.0,,,직접입력,,VOC20251231105146842,해당없음,기본서비스,텔레캅아이,kt OCT 가드(DVR),초고속인터넷,메인,,,,1,영업채널본부,리텐션팀,,N,강북/강원본부,남양주지사,,,경기 남양주시 삼패동 295-11,,"106,000",김현돈,37.5956545746807,127.194257179709,경기,남양주시,삼패동,"37.5956545746807,127.194257179709","https://www.google.com/maps?q=37.5956545746807,127.194257179709",길찾기
처리완료,N,30892748.0,51782587.0,62607045,대명실업(주*,대명실업(GiGAeyes i-guard),리텐션,관리고객,해지고위험,방문활동,,사전리텐션 방문활동 타겟 알림을 위한 VOC 생성,,>>,,SP,G000204,2025-12-31 10:51:58.0,,,직접입력,,VOC20251231105146846,해당없음,기본서비스,텔레캅아이,GiGAeyes i-guard,초고속인터넷,TCP-IP(All-IoT),,,,1,영업채널본부,리텐션팀,,N,강북/강원본부,서대문지사,,,서울 용산구 청파동2가 75-5 2층,,"150,000",우동주,37.544632752514,126.968686400922,서울,용산구,청파동,"37.544632752514,126.968686400922","https://www.google.com/maps?q=37.544632752514,126.968686400922",길찾기
접수,N,30113067.0,51778212.0,62597443,진금*,종로아동회관어린이집(OCT),리텐션,관리고객,해지고위험,방문활동,,사전리텐션 방문활동 타겟 알림을 위한 VOC 생성,,>>,,SP,G000408,2025-12-31 10:51:58.0,,,직접입력,,VOC20251231105146852,해당없음,기본서비스,텔레캅아이,ktt OCT 가드(DVR),무선회선,LTE Single KT,,,,1,영업채널본부,리텐션팀,,N,강북/강원본부,중앙지사,,,서울 종로구 창신동 산6-25 아동회관어린이집 전층,,"200,000",김윤정,37.5788767559093,127.014621370826,서울,종로구,창신동,"37.5788767559093,127.014621370826","https://www.google.com/maps?q=37.5788767559093,127.014621370826",길찾기
처리완료,N,257700.0,20257506.0,20257506,조준*,씨에이마트(OCT),리텐션,관리고객,해지고위험,방문활동,,사전리텐션 방문활동 타겟 알림을 위한 VOC 생성,,>>,,SP,G000204,2025-12-31 10:51:58.0,,,직접입력,,VOC20251231105146856,해당없음,기본서비스,텔레캅아이,ktt OCT 가드(NVR),초고속인터넷,메인,,,,1,영업채널본부,리텐션팀,,N,강북/강원본부,서대문지사,,,서울 마포구 신공덕동 256-30호,,"200,000",우동주,,,서울,마포구,신공덕동,,,
처리완료,N,30539198.0,51122632.0,61352808,탁송*,빠라베에사(뷰N),리텐션,관리고객,해지고위험,방문활동,,사전리텐션 방문활동 타겟 알림을 위한 VOC 생성,,>>,,SP,G000502,2025-12-31 10:51:58.0,,,직접입력,,VOC20251231105146858,해당없음,기본서비스,텔레캅아이,ktt GiGAeyes view+(NVR),무회선,로컬운영,,,,1,영업채널본부,리텐션팀,,N,강북/강원본부,의정부지사,,,경기 양주시 광적면 덕도리 179-24,,"200,000",김주택,,,경기,양주시,광적면,,,
접수,N,30184359.0,50446795.0,60548623,동두천부영9단지 입주자대표회*,동두천부영9단지2(OCT뷰),리텐션,관리고객,해지고위험,방문활동,,사전리텐션 방문활동 타겟 알림을 위한 VOC 생성,,>>,,SP,G000504,2025-12-31 10:51:58.0,,,직접입력,,VOC20251231105146860,해당없음,기본서비스,텔레캅아이,ktt GiGAeyes view+(NVR),무회선,로컬운영,,,,1,영업채널본부,리텐션팀,,N,강북/강원본부,의정부지사,,,경기 동두천시 지행동 동두천로 137(지행동),,"100,000",김민수,37.8938775965746,127.055003994476,경기,동두천시,지행동,"37.8938775965746,127.055003994476","https://www.google.com/maps?q=37.8938775965746,127.055003994476",길찾기
처리완료,N,30028050.0,51236120.0,61514106,김호*,경제정의연구소_메인(OCT),리텐션,관리고객,해지고위험,방문활동,,사전리텐션 방문활동 타겟 알림을 위한 VOC 생성,,>>,,SP,G000406,2025-12-31 10:51:58.0,,,직접입력,,VOC20251231105146864,해당없음,기본서비스,텔레캅아이,ktt OCT 가드(DVR),무선회선,MVNO,,,,1,영업채널본부,리텐션팀,,N,강북/강원본부,중앙지사,,,서울 종로구 동숭동 50-2 경실련 2~4층,,"160,000",김지한,37.5822625841383,127.005118855012,서울,종로구,동숭동,"37.5822625841383,127.005118855012","https://www.google.com/maps?q=37.5822625841383,127.005118855012",길찾기
처리완료,N,30364794.0,51122625.0,61352800,김혜*,(주)동성(OCT가드N),리텐션,관리고객,해지고위험,방문활동,,사전리텐션 방문활동 타겟 알림을 위한 VOC 생성,,>>,,SP,G000502,2025-12-31 10:51:58.0,,,직접입력,,VOC20251231105146866,해당없음,기본서비스,텔레캅아이,ktt GiGAeyes view+(NVR),무회선,로컬운영,,,,1,영업채널본부,리텐션팀,,N,강북/강원본부,의정부지사,,,경기 양주시 광적면 덕도리 179-24,,"150,000",김주택,,,경기,양주시,광적면,,,
접수,N,30792610.0,51599920.0,62219994,김완*,화정와이즈만영재교육학원(GiGAeyes guard),리텐션,관리고객,해지고위험,방문활동,,사전리텐션 방문활동 타겟 알림을 위한 VOC 생성,,>>,,SP,G000302,2025-12-31 10:51:58.0,,,직접입력,,VOC20251231105146870,해당없음,기본서비스,텔레캅아이,GiGAeyes guard+(NVR),초고속인터넷,TCP-IP(All-IoT),,,,1,영업채널본부,리텐션팀,,N,강북/강원본부,고양지사,,,경기 고양시 덕양구 화정동 1002-1번지 명지프라자 9층,,"190,000",강경필,37.6306186083475,126.830808724047,경기,고양시,화정동,"37.6306186083475,126.830808724047","https://www.google.com/maps?q=37.6306186083475,126.830808724047",길찾기
미접수,N,30111249.0,51389243.0,61778392,국민경제자문회의지원*,국민경제자문회의지원단(OCT),리텐션,관리고객,해지고위험,방문활동,,사전리텐션 방문활동 타겟 알림을 위한 VOC 생성,,>>,,SP,G000401,2025-12-31 10:51:58.0,,,직접입력,,VOC20251231105146878,해당없음,기본서비스,텔레캅아이,ktt OCT 가드(NVR),초고속인터넷,메인,,,,1,영업채널본부,리텐션팀,,N,강북/강원본부,중앙지사,,,서울 종로구 종로1가 1번지 교보생명빌딩20층,,"200,000",송민철,37.5705824207107,126.978079771513,서울,종로구,,"37.5705824207107,126.978079771513","https://www.google.com/maps?q=37.5705824207107,126.978079771513",길찾기
접수,N,30417269.0,50905298.0,61086180,조용*,대영스크린(OCT),리텐션,관리고객,해지고위험,방문활동,,사전리텐션 방문활동 타겟 알림을 위한 VOC 생성,,>>,,SP,G000106,2025-12-31 10:51:58.0,,,직접입력,,VOC20251231105146880,해당없음,기본서비스,텔레캅아이,ktt OCT 가드(DVR),무선회선,MVNO,,,,1,영업채널본부,리텐션팀,,N,강북/강원본부,강북지사,,,서울 성동구 성수동2가 278-47번지 대영빌딩,,"200,000",김형선,37.5457227013661,127.060491672429,서울,성동구,성동,"37.5457227013661,127.060491672429","https://www.google.com/maps?q=37.5457227013661,127.060491672429",길찾기
처리완료,N,30170801.0,50417781.0,60513556,임현*,공덕할인마트(OCT),리텐션,관리고객,해지고위험,방문활동,,사전리텐션 방문활동 타겟 알림을 위한 VOC 생성,,>>,,SP,G000204,2025-12-31 10:51:58.0,,,직접입력,,VOC20251231105146882,해당없음,기본서비스,텔레캅아이,ktt OCT 가드(NVR),초고속인터넷,메인,,,,1,영업채널본부,리텐션팀,,N,강북/강원본부,서대문지사,,,서울 마포구 신공덕동 13-11번지,,"200,000",우동주,37.545868768077,126.955561831306,서울,마포구,신공덕동,"37.545868768077,126.955561831306","https://www.google.com/maps?q=37.545868768077,126.955561831306",길찾기
미접수,N,30904824.0,51804605.0,62653874,신완철외3*,월드킹노원점(GiGAeyes guard),리텐션,관리고객,해지고위험,방문활동,,사전리텐션 방문활동 타겟 알림을 위한 VOC 생성,,>>,,SP,G000101,2025-12-31 10:51:58.0,,,직접입력,,VOC20251231105146888,해당없음,기본서비스,텔레캅아이,GiGAeyes guard+(NVR),초고속인터넷,TCP-IP(All-IoT),,,,1,영업채널본부,리텐션팀,,N,강북/강원본부,강북지사,,,서울 노원구 공릉동 581-1,,"184,000",성진수,37.6219492791583,127.075309710444,서울,노원구,공릉동,"37.6219492791583,127.075309710444","https://www.google.com/maps?q=37.6219492791583,127.075309710444",길찾기
처리완료,N,30923946.0,50573520.0,60699489,문영*,삼성프라자,리텐션,관리고객,해지고위험,방문활동,,사전리텐션 방문활동 타겟 알림을 위한 VOC 생성,,>>,,SP,G000307,2025-12-31 10:51:58.0,,,직접입력,,VOC20251231105146890,해당없음,기본서비스,텔레캅아이,ktt GiGAeyes view+(DVR),무회선,로컬운영,,,,1,영업채널본부,리텐션팀,,N,강북/강원본부,고양지사,,,경기 고양시 일산구 마두동 752번지,,"184,000",황상대,37.6573373276176,126.78797088127,경기,고양시,마두동,"37.6573373276176,126.78797088127","https://www.google.com/maps?q=37.6573373276176,126.78797088127",길찾기
접수,N,30796722.0,51607039.0,62235597,김경*,티케쥬얼리,리텐션,관리고객,해지고위험,방문활동,,사전리텐션 방문활동 타겟 알림을 위한 VOC 생성,,>>,,SP,G000407,2025-12-31 10:51:58.0,,,직접입력,,VOC20251231105146900,해당없음,기본서비스,텔레캅아이,ktt OCT 가드(NVR),초고속인터넷,메인,,,,1,영업채널본부,리텐션팀,,N,강북/강원본부,중앙지사,,,서울 종로구 연지동 125 육화빌딩 3층,,"177,000",문성진,37.5744513452296,126.999514249737,서울,종로구,연지동,"37.5744513452296,126.999514249737","https://www.google.com/maps?q=37.5744513452296,126.999514249737",길찾기
미접수,N,30291688.0,51235709.0,61513540,(주)이패스JNP아카데*,이패스JNP아카데미(텔레캅 큐브),리텐션,관리고객,해지고위험,방문활동,,사전리텐션 방문활동 타겟 알림을 위한 VOC 생성,,>>,,SP,G000401,2025-12-31 10:51:58.0,,,직접입력,,VOC20251231105146902,해당없음,기본서비스,텔레캅아이,GiGAeyes guard+(NVR),초고속인터넷,TCP-IP(All-IoT),,,,1,영업채널본부,리텐션팀,,N,강북/강원본부,중앙지사,,,서울 종로구 서린동 88번지 6층,,"177,000",송민철,37.5693977260519,126.981368304616,서울,종로구,서린동,"37.5693977260519,126.981368304616","https://www.google.com/maps?q=37.5693977260519,126.981368304616",길찾기
미접수,N,30679012.0,51393474.0,61787008,이태*,신현공조씨스템(OCT),리텐션,관리고객,해지고위험,방문활동,,사전리텐션 방문활동 타겟 알림을 위한 VOC 생성,,>>,,SP,G000102,2025-12-31 10:51:58.0,,,직접입력,,VOC20251231105146904,해당없음,기본서비스,텔레캅아이,ktt OCT 가드(DVR),초고속인터넷,메인,,,,1,영업채널본부,리텐션팀,,N,강북/강원본부,강북지사,,,서울 도봉구 쌍문동 138-67 신현B/D,,"175,000",성진수,37.6507700643791,127.031259070217,서울,도봉구,쌍문동,"37.6507700643791,127.031259070217","https://www.google.com/maps?q=37.6507700643791,127.031259070217",길찾기
미접수,N,30168799.0,50411891.0,60505250,전길*,삼천리수락산프라자(NVR뷰),리텐션,관리고객,해지고위험,방문활동,,사전리텐션 방문활동 타겟 알림을 위한 VOC 생성,,>>,,SP,G000101,2025-12-31 10:51:58.0,,,직접입력,,VOC20251231105146908,해당없음,기본서비스,텔레캅아이,ktt GiGAeyes view+(NVR),무회선,로컬운영,,,,1,영업채널본부,리텐션팀,,N,강북/강원본부,강북지사,,,서울 노원구 상계1동 1132-144,,"172,000",성진수,37.6774755356893,127.054855970944,서울,노원구,,"37.6774755356893,127.054855970944","https://www.google.com/maps?q=37.6774755356893,127.054855970944",길찾기
처리완료,N,30786566.0,51589502.0,62197090,송미*,고양시지축종합사회복지관(GiGAeyes guard),리텐션,관리고객,해지고위험,방문활동,,사전리텐션 방문활동 타겟 알림을 위한 VOC 생성,,>>,,SP,G000301,2025-12-31 10:51:58.0,,,직접입력,,VOC20251231105146914,해당없음,기본서비스,텔레캅아이,GiGAeyes guard+(DVR),초고속인터넷,TCP-IP(All-IoT),,,,1,영업채널본부,리텐션팀,,N,강북/강원본부,고양지사,,,경기 고양시 덕양구 효자동 경기 고양시 덕양구 지축로 163 고양지축엘에이치802동1층,,"172,000",최우석,37.6492511047589,126.925245171589,경기,고양시,효자동,"37.6492511047589,126.925245171589","https://www.google.com/maps?q=37.6492511047589,126.925245171589",길찾기
처리완료,N,31083139.0,52110969.0,63275972,주식회사 더하우스193*,더하우스1932,리텐션,관리고객,해지고위험,방문활동,,사전리텐션 방문활동 타겟 알림을 위한 VOC 생성,,>>,,SP,G000204,2025-12-31 10:51:58.0,,,직접입력,,VOC20251231105146916,해당없음,기본서비스,텔레캅아이,KT단독상품,초고속인터넷,TCP-IP(All-IoT),,,,1,영업채널본부,리텐션팀,,N,강북/강원본부,서대문지사,,,서울 중구 만리동1가  62-16 (만리동1가),,"171,000",우동주,37.555532771567,126.967393134098,서울,중구,만리동,"37.555532771567,126.967393134098","https://www.google.com/maps?q=37.555532771567,126.967393134098",길찾기
처리완료,N,90026933.0,52056350.0,63191862,주식회사 지에프에*,주식회사지에프에스(홍채),리텐션,관리고객,해지고위험,방문활동,,사전리텐션 방문활동 타겟 알림을 위한 VOC 생성,,>>,,SP,G000403,2025-12-31 10:51:58.0,,,직접입력,,VOC20251231105146924,해당없음,기본서비스,텔레캅아이,단독형 I 홍채리더,무회선,로컬운영,,,,1,영업채널본부,리텐션팀,,N,강북/강원본부,중앙지사,,,서울 용산구 이촌동 301-160 현대아파트 건설현장 GATE3번 출입구로 들어가서 우측,,"40,000",오광훈,37.5185919977774,126.980837866169,서울,용산구,이촌동,"37.5185919977774,126.980837866169","https://www.google.com/maps?q=37.5185919977774,126.980837866169",길찾기
처리완료,N,90026933.0,52317259.0,63660620,주식회사 지에프에*,GFS 현대 창원 힐스테이트 (홍채근태),리텐션,관리고객,해지고위험,방문활동,,사전리텐션 방문활동 타겟 알림을 위한 VOC 생성,,>>,,SP,G000301,2025-12-31 10:51:58.0,,,직접입력,,VOC20251231105146926,해당없음,기본서비스,텔레캅아이,단독형 I 홍채리더,무회선,로컬운영,,,,1,영업채널본부,리텐션팀,,N,강북/강원본부,고양지사,,,경기 고양시 덕양구 주교동 559-1 .,,"35,000",최우석,37.6645434559566,126.83673462053,경기,고양시,주교동,"37.6645434559566,126.83673462053","https://www.google.com/maps?q=37.6645434559566,126.83673462053",길찾기
처리완료,N,30483978.0,51012019.0,61208827,주)소그*,소그노(OCT),리텐션,관리고객,해지고위험,방문활동,,사전리텐션 방문활동 타겟 알림을 위한 VOC 생성,,>>,,SP,G000407,2025-12-31 10:51:58.0,,,직접입력,,VOC20251231105146932,해당없음,기본서비스,텔레캅아이,ktt OCT 가드(DVR),초고속인터넷,메인,,,,1,영업채널본부,리텐션팀,,N,강북/강원본부,중앙지사,,,서울 종로구 팔판동 133-1,,"167,000",문성진,37.5824604189812,126.980711350716,서울,종로구,팔판동,"37.5824604189812,126.980711350716","https://www.google.com/maps?q=37.5824604189812,126.980711350716",길찾기
접수,N,30438077.0,50940072.0,61127545,송재*,(SG)버락(OCT),리텐션,관리고객,해지고위험,방문활동,,사전리텐션 방문활동 타겟 알림을 위한 VOC 생성,,>>,,SP,G000407,2025-12-31 10:51:58.0,,,직접입력,,VOC20251231105146934,해당없음,기본서비스,텔레캅아이,ktt OCT 가드(NVR),초고속인터넷,메인,,,,1,영업채널본부,리텐션팀,,N,강북/강원본부,중앙지사,,,서울 종로구 봉익동 11-12 1층,,"167,000",문성진,37.5735807357,126.992324080546,서울,종로구,봉익동,"37.5735807357,126.992324080546","https://www.google.com/maps?q=37.5735807357,126.992324080546",길찾기
처리완료,N,31026991.0,51407004.0,61813315,전병*,양평물맑은시장상인회gigaeyes뷰(NVR),리텐션,관리고객,해지고위험,방문활동,,사전리텐션 방문활동 타겟 알림을 위한 VOC 생성,,>>,,SP,G000604,2025-12-31 10:51:58.0,,,직접입력,,VOC20251231105146940,해당없음,기본서비스,텔레캅아이,ktt GiGAeyes view+(NVR),무회선,로컬운영,,,,1,영업채널본부,리텐션팀,,N,강북/강원본부,남양주지사,,,경기 양평군 양평읍 양근리 352-1번지 양평물맑은쉼터,,"165,000",이현배,37.4899693108641,127.491891704549,경기,양평군,양평읍,"37.4899693108641,127.491891704549","https://www.google.com/maps?q=37.4899693108641,127.491891704549",길찾기
미접수,N,30623221.0,51594253.0,62207651,부준*,부르스타짐 공릉점,리텐션,관리고객,해지고위험,방문활동,,사전리텐션 방문활동 타겟 알림을 위한 VOC 생성,,>>,,SP,G000101,2025-12-31 10:51:58.0,,,직접입력,,VOC20251231105146942,해당없음,기본서비스,텔레캅아이,GiGAeyes guard+(DVR),초고속인터넷,TCP-IP(All-IoT),,,,1,영업채널본부,리텐션팀,,N,강북/강원본부,강북지사,,,서울 노원구 공릉동 581-1,,"165,000",성진수,37.6219492791583,127.075309710444,서울,노원구,공릉동,"37.6219492791583,127.075309710444","https://www.google.com/maps?q=37.6219492791583,127.075309710444",길찾기
미접수,N,30685340.0,51405806.0,61810953,우소*,구립중곡하나어린이집(GiGAeyes guard),리텐션,관리고객,해지고위험,방문활동,,사전리텐션 방문활동 타겟 알림을 위한 VOC 생성,,>>,,SP,G000105,2025-12-31 10:51:58.0,,,직접입력,,VOC20251231105146944,해당없음,기본서비스,텔레캅아이,GiGAeyes guard+(DVR),초고속인터넷,TCP-IP(All-IoT),,,,1,영업채널본부,리텐션팀,,N,강북/강원본부,강북지사,,,서울 광진구 중곡동 692-3,,"165,000",사공관,37.5681370270841,127.081940310085,서울,광진구,중곡동,"37.5681370270841,127.081940310085","https://www.google.com/maps?q=37.5681370270841,127.081940310085",길찾기
처리완료,N,30218005.0,50578820.0,60705639,(주)예인미*,예인미술(OCT),리텐션,관리고객,해지고위험,방문활동,,사전리텐션 방문활동 타겟 알림을 위한 VOC 생성,,>>,,SP,G000306,2025-12-31 10:51:58.0,,,직접입력,,VOC20251231105146946,해당없음,기본서비스,텔레캅아이,ktt OCT 가드(NVR),초고속인터넷,메인,,,,1,영업채널본부,리텐션팀,,N,강북/강원본부,고양지사,,,경기 파주시 교하동 신촌리(신촌동 731),,"165,000",박민준,,,경기,파주시,교하동,,,
처리완료,N,30887331.0,51639922.0,62307888,박종*,퍼시픽그린코리아(GiGAeyes guard),리텐션,관리고객,해지고위험,방문활동,,사전리텐션 방문활동 타겟 알림을 위한 VOC 생성,,>>,,SP,G000309,2025-12-31 10:51:58.0,,,직접입력,,VOC20251231105146948,해당없음,기본서비스,텔레캅아이,GiGAeyes guard+(NVR),초고속인터넷,TCP-IP(All-IoT),,,,1,영업채널본부,리텐션팀,,N,강북/강원본부,고양지사,,,경기 파주시 광탄면 분수리 48-1 광탄면 장지산로 184-31,,"160,000",조현웅,37.7521267502811,126.884268649009,경기,파주시,광탄면,"37.7521267502811,126.884268649009","https://www.google.com/maps?q=37.7521267502811,126.884268649009",길찾기
처리완료,N,30669614.0,51376811.0,61750562,정시*,두잇스터디고양원당센터(GiGAeyes guard),리텐션,관리고객,해지고위험,방문활동,,사전리텐션 방문활동 타겟 알림을 위한 VOC 생성,,>>,,SP,G000301,2025-12-31 10:51:58.0,,,직접입력,,VOC20251231105146950,해당없음,기본서비스,텔레캅아이,GiGAeyes guard+(NVR),초고속인터넷,TCP-IP(All-IoT),,,,1,영업채널본부,리텐션팀,,N,강북/강원본부,고양지사,,,경기 고양시 덕양구 성사1동 지하1층,,"160,000",최우석,37.6453478739774,126.859939715883,경기,고양시,,"37.6453478739774,126.859939715883","https://www.google.com/maps?q=37.6453478739774,126.859939715883",길찾기
접수,N,30907099.0,51808589.0,62662183,홍콩밀크컴퍼*,홍콩밀크컴퍼니(GiGAeyes guard),리텐션,관리고객,해지고위험,방문활동,,사전리텐션 방문활동 타겟 알림을 위한 VOC 생성,,>>,,SP,G000408,2025-12-31 10:51:58.0,,,직접입력,,VOC20251231105146958,해당없음,기본서비스,텔레캅아이,GiGAeyes guard+(NVR),초고속인터넷,TCP-IP(All-IoT),,,,1,영업채널본부,리텐션팀,,N,강북/강원본부,중앙지사,,,서울 종로구 창신동 23-729번지 12층,,"160,000",김윤정,37.5778556498782,127.011441631914,서울,종로구,창신동,"37.5778556498782,127.011441631914","https://www.google.com/maps?q=37.5778556498782,127.011441631914",길찾기
처리완료,N,30621211.0,51295808.0,61597426,김윤*,김윤성가정집(GiGAeyes guard),리텐션,관리고객,해지고위험,방문활동,,사전리텐션 방문활동 타겟 알림을 위한 VOC 생성,,>>,,SP,G000604,2025-12-31 10:51:58.0,,,직접입력,,VOC20251231105146970,해당없음,기본서비스,텔레캅아이,GiGAeyes guard+(NVR),초고속인터넷,TCP-IP(All-IoT),,,,1,영업채널본부,리텐션팀,,N,강북/강원본부,남양주지사,,,경기 양평군 문호리 521,,"157,000",이현배,37.6225500234849,127.360591795195,경기,양평군,,"37.6225500234849,127.360591795195","https://www.google.com/maps?q=37.6225500234849,127.360591795195",길찾기
처리완료,N,30598986.0,51242072.0,61522658,주)여주종합상*,여주종합상사,리텐션,관리고객,해지고위험,방문활동,,사전리텐션 방문활동 타겟 알림을 위한 VOC 생성,,>>,,SP,G000402,2025-12-31 10:51:58.0,,,직접입력,,VOC20251231105146972,해당없음,기본서비스,텔레캅아이,ktt GiGAeyes view+(NVR),무회선,로컬운영,,,,1,영업채널본부,리텐션팀,,N,강북/강원본부,중앙지사,,,서울 중구 오장동 44-10 8호,,"120,000",김병조,37.5655287857644,126.999184476073,서울,중구,오장동,"37.5655287857644,126.999184476073","https://www.google.com/maps?q=37.5655287857644,126.999184476073",길찾기
처리완료,N,30399337.0,51806591.0,62657997,노근*,월산암요양병원(OCT),리텐션,관리고객,해지고위험,방문활동,,사전리텐션 방문활동 타겟 알림을 위한 VOC 생성,,>>,,SP,G000309,2025-12-31 10:51:58.0,,,직접입력,,VOC20251231105146986,해당없음,기본서비스,텔레캅아이,ktt OCT 가드(DVR),초고속인터넷,메인,,,,1,영업채널본부,리텐션팀,,N,강북/강원본부,고양지사,,,경기 파주시 법원읍 법원리 662-5 1층,,"150,000",조현웅,37.8718241867292,126.880525380492,경기,파주시,법원읍,"37.8718241867292,126.880525380492","https://www.google.com/maps?q=37.8718241867292,126.880525380492",길찾기
처리완료,N,30786192.0,51588868.0,62195587,현이*,니콤텍스타일(GiGAeyes i-guard),리텐션,관리고객,해지고위험,방문활동,,사전리텐션 방문활동 타겟 알림을 위한 VOC 생성,,>>,,SP,G000405,2025-12-31 10:51:58.0,,,직접입력,,VOC20251231105146992,해당없음,기본서비스,텔레캅아이,GiGAeyes i-guard,초고속인터넷,TCP-IP(All-IoT),,,,1,영업채널본부,리텐션팀,,N,강북/강원본부,중앙지사,,,서울 동대문구 장안동  460-4번지 2층 왼편,,"144,000",남기민,37.5629941053779,127.067317885352,서울,동대문구,장안동,"37.5629941053779,127.067317885352","https://www.google.com/maps?q=37.5629941053779,127.067317885352",길찾기
처리완료,N,31105444.0,52133274.0,63298277,설재*,24시 루시드 동물 메디컬센터,리텐션,관리고객,해지고위험,방문활동,,사전리텐션 방문활동 타겟 알림을 위한 VOC 생성,,>>,,SP,G000103,2025-12-31 10:51:58.0,,,직접입력,,VOC20251231105146994,해당없음,기본서비스,텔레캅아이,KT단독상품,초고속인터넷,TCP-IP(All-IoT),,,,1,영업채널본부,리텐션팀,,N,강북/강원본부,강북지사,,,서울 강북구 미아동  42-11 4층 24시 루시드 동물메디컬센터 (미아동 덕신빌딩),,"218,500",김의겸,37.60957101448,127.030630806916,서울,강북구,미아동,"37.60957101448,127.030630806916","https://www.google.com/maps?q=37.60957101448,127.030630806916",길찾기
미접수,N,30895963.0,51789173.0,62620270,이장*,제이웍스(GiGAeyes guard),리텐션,관리고객,해지고위험,방문활동,,사전리텐션 방문활동 타겟 알림을 위한 VOC 생성,,>>,,SP,G000106,2025-12-31 10:51:58.0,,,직접입력,,VOC20251231105146012,해당없음,기본서비스,텔레캅아이,GiGAeyes guard+(NVR),초고속인터넷,TCP-IP(All-IoT),,,,1,영업채널본부,리텐션팀,,N,강북/강원본부,강북지사,,,서울 성동구 성수동1가 13-129,,"210,000",김형선,37.5487790046046,127.04896801129,서울,성동구,성동,"37.5487790046046,127.04896801129","https://www.google.com/maps?q=37.5487790046046,127.04896801129",길찾기
처리완료,N,30221153.0,20454079.0,20454079,송명*,휘경교회(OCT),리텐션,관리고객,해지고위험,방문활동,,사전리텐션 방문활동 타겟 알림을 위한 VOC 생성,,>>,,SP,G000405,2025-12-31 10:51:58.0,,,직접입력,,VOC20251231105146014,해당없음,기본서비스,텔레캅아이,ktt OCT 가드(DVR),초고속인터넷,메인,,,,1,영업채널본부,리텐션팀,,N,강북/강원본부,중앙지사,,,서울 동대문구 휘경2동 295-49,,"210,000",남기민,37.586669822917,127.058862601531,서울,동대문구,,"37.586669822917,127.058862601531","https://www.google.com/maps?q=37.586669822917,127.058862601531",길찾기
처리완료,N,30897850.0,51795320.0,62633303,최승*,지케이엘위드 주식회사(서울드래곤시티점),리텐션,관리고객,해지고위험,방문활동,,사전리텐션 방문활동 타겟 알림을 위한 VOC 생성,,>>,,SP,G000403,2025-12-31 10:51:58.0,,,직접입력,,VOC20251231105146018,해당없음,기본서비스,텔레캅아이,단독형 I 지문리더,무회선,로컬운영,,,,1,영업채널본부,리텐션팀,,N,강북/강원본부,중앙지사,,,서울 용산구 한강로3가 40-969번지 서울드래곤시티 호텔내 세븐럭카지노 2층,,"30,000",오광훈,37.5319146846199,126.962788981096,서울,용산구,,"37.5319146846199,126.962788981096","https://www.google.com/maps?q=37.5319146846199,126.962788981096",길찾기
접수,N,30261659.0,51523080.0,62058281,주식회사 두*,두림(뷰D),리텐션,관리고객,해지고위험,방문활동,,사전리텐션 방문활동 타겟 알림을 위한 VOC 생성,,>>,,SP,G000502,2025-12-31 10:51:58.0,,,직접입력,,VOC20251231105146020,해당없음,기본서비스,텔레캅아이,ktt GiGAeyes view+(DVR),무회선,로컬운영,,,,1,영업채널본부,리텐션팀,,N,강북/강원본부,의정부지사,,,경기 양주시 광적면 가납리 33-1(그루고개로258번길8),,"100,000",김주택,37.8345028502178,127.001784743013,경기,양주시,광적면,"37.8345028502178,127.001784743013","https://www.google.com/maps?q=37.8345028502178,127.001784743013",길찾기
처리완료,N,30657213.0,51352836.0,61701438,권태*,주식회사자이언산업개발-뷰N,리텐션,관리고객,해지고위험,방문활동,,사전리텐션 방문활동 타겟 알림을 위한 VOC 생성,,>>,,SP,G000506,2025-12-31 10:51:58.0,,,직접입력,,VOC20251231105146022,해당없음,기본서비스,텔레캅아이,ktt GiGAeyes view+(NVR),무회선,로컬운영,,,,1,영업채널본부,리텐션팀,,N,강북/강원본부,의정부지사,,,경기 포천시 소학리 소학리 95-6번지 음식점,,"106,000",김진회,37.819502292859,127.259191935058,경기,포천시,,"37.819502292859,127.259191935058","https://www.google.com/maps?q=37.819502292859,127.259191935058",길찾기
처리완료,N,30740188.0,51504790.0,62017991,백욱*,덕계동주택(OCT),리텐션,관리고객,해지고위험,방문활동,,사전리텐션 방문활동 타겟 알림을 위한 VOC 생성,,>>,,SP,G000503,2025-12-31 10:51:58.0,,,직접입력,,VOC20251231105146024,해당없음,기본서비스,텔레캅아이,ktt OCT 가드(NVR),초고속인터넷,메인,,,,1,영업채널본부,리텐션팀,,N,강북/강원본부,의정부지사,,,경기 양주시 덕계동 648-7,,"120,000",정양진,37.8197730003892,127.038950568554,경기,양주시,덕계동,"37.8197730003892,127.038950568554","https://www.google.com/maps?q=37.8197730003892,127.038950568554",길찾기
접수,N,30581398.0,51205622.0,61470036,문혜장애인요양*,문혜장애인요양원본관(N뷰),리텐션,관리고객,해지고위험,방문활동,,사전리텐션 방문활동 타겟 알림을 위한 VOC 생성,,>>,,SP,G000506,2025-12-31 10:51:58.0,,,직접입력,,VOC20251231105146026,해당없음,기본서비스,텔레캅아이,ktt GiGAeyes view+(NVR),무회선,로컬운영,,,,1,영업채널본부,리텐션팀,,N,강북/강원본부,의정부지사,,,강원 철원군 갈말읍 문혜리 275-1(텃골1길13),,"147,000",김진회,38.191322231925,127.368051089613,강원,철원군,갈말읍,"38.191322231925,127.368051089613","https://www.google.com/maps?q=38.191322231925,127.368051089613",길찾기
접수,N,30307756.0,50679525.0,60822028,석주*,주식회사 리더에이피엠,리텐션,관리고객,해지고위험,방문활동,,사전리텐션 방문활동 타겟 알림을 위한 VOC 생성,,>>,,SP,G000408,2025-12-31 10:51:58.0,,,직접입력,,VOC20251231105146030,해당없음,기본서비스,텔레캅아이,단독형 II 지문리더,무회선,로컬운영,,,,1,영업채널본부,리텐션팀,,N,강북/강원본부,중앙지사,,,서울 중구 을지로7가 105번지 apm플레이스 지하5층시설부,,"210,000",김윤정,37.5652649506126,127.008368683462,서울,중구,,"37.5652649506126,127.008368683462","https://www.google.com/maps?q=37.5652649506126,127.008368683462",길찾기
미접수,N,30903054.0,51801482.0,62647032,(재)기독교대한감리회 일신교*,일신교회주차장(GiGAeyes i-guard),리텐션,관리고객,해지고위험,방문활동,,사전리텐션 방문활동 타겟 알림을 위한 VOC 생성,,>>,,SP,G000401,2025-12-31 10:51:58.0,,,직접입력,,VOC20251231105146032,해당없음,기본서비스,텔레캅아이,GiGAeyes i-guard,초고속인터넷,TCP-IP(All-IoT),,,,1,영업채널본부,리텐션팀,,N,강북/강원본부,중앙지사,,,서울 중구 남창동 192 ,,"205,000",송민철,37.5571097563546,126.978703582911,서울,중구,남창동,"37.5571097563546,126.978703582911","https://www.google.com/maps?q=37.5571097563546,126.978703582911",길찾기
접수,N,30183595.0,50445007.0,60546156,임호*,시립중랑청소년센터,리텐션,관리고객,해지고위험,방문활동,,사전리텐션 방문활동 타겟 알림을 위한 VOC 생성,,>>,,SP,G000104,2025-12-31 10:51:58.0,,,직접입력,,VOC20251231105146034,해당없음,기본서비스,GiGAeyes Basic,GiGAeyes Basic,무선회선,WCDMA,,,,1,영업채널본부,리텐션팀,,N,강북/강원본부,강북지사,,,서울 중랑구 면목동 1382-10번지,,"210,000",김태규,37.5733782842752,127.085885654614,서울,중랑구,면목동,"37.5733782842752,127.085885654614","https://www.google.com/maps?q=37.5733782842752,127.085885654614",길찾기
처리완료,N,30897722.0,51792242.0,62626625,김경*,(주)와이그린 덕도빌딩(GiGAeyes guard),리텐션,관리고객,해지고위험,방문활동,,사전리텐션 방문활동 타겟 알림을 위한 VOC 생성,,>>,,SP,G000309,2025-12-31 10:51:58.0,,,직접입력,,VOC20251231105146038,해당없음,기본서비스,텔레캅아이,GiGAeyes guard+(NVR),초고속인터넷,TCP-IP(All-IoT),,,,1,영업채널본부,리텐션팀,,N,강북/강원본부,고양지사,,,경기 파주시 조리읍 봉일천리봉일천리 210-48 210-48덕도빌딩,,"160,000",조현웅,,,경기,파주시,조리읍,,,
접수,N,30895671.0,51788638.0,62619092,임애*,라테라플라워(GiGAeyes guard),리텐션,관리고객,해지고위험,방문활동,,사전리텐션 방문활동 타겟 알림을 위한 VOC 생성,,>>,,SP,G000205,2025-12-31 10:51:58.0,,,직접입력,,VOC20251231105146046,해당없음,기본서비스,텔레캅아이,GiGAeyes guard+(DVR),초고속인터넷,TCP-IP(All-IoT),,,,1,영업채널본부,리텐션팀,,N,강북/강원본부,서대문지사,,,서울 마포구 합정동 413-13 3층,,"148,000",안수호,37.5486634795099,126.916219252939,서울,마포구,합정동,"37.5486634795099,126.916219252939","https://www.google.com/maps?q=37.5486634795099,126.916219252939",길찾기
처리완료,N,30625747.0,51791167.0,62624510,서울특별시립서울역쪽방상담*,서울역쪽방상담소(GiGAeyes guard),리텐션,관리고객,해지고위험,방문활동,,사전리텐션 방문활동 타겟 알림을 위한 VOC 생성,,>>,,SP,G000403,2025-12-31 10:51:58.0,,,직접입력,,VOC20251231105146048,해당없음,기본서비스,텔레캅아이,GiGAeyes guard+(NVR),초고속인터넷,TCP-IP(All-IoT),,,,1,영업채널본부,리텐션팀,,N,강북/강원본부,중앙지사,,,서울 용산구 동자동 9-3번지 1층2호,,"105,000",오광훈,37.5530745184294,126.974884912008,서울,용산구,동자동,"37.5530745184294,126.974884912008","https://www.google.com/maps?q=37.5530745184294,126.974884912008",길찾기
처리완료,N,30905940.0,51806653.0,62658142,김현*,라센트라(연남)(GiGAeyes guard),리텐션,관리고객,해지고위험,방문활동,,사전리텐션 방문활동 타겟 알림을 위한 VOC 생성,,>>,,SP,G000202,2025-12-31 10:51:58.0,,,직접입력,,VOC20251231105146058,해당없음,기본서비스,텔레캅아이,GiGAeyes guard+(NVR),초고속인터넷,TCP-IP(All-IoT),,,,1,영업채널본부,리텐션팀,,N,강북/강원본부,서대문지사,,,서울 마포구 연남동 서울 마포구 연남로 76 라센트라 연남관리실,,"260,000",안근영,37.5658756338541,126.919259481347,서울,마포구,연남동,"37.5658756338541,126.919259481347","https://www.google.com/maps?q=37.5658756338541,126.919259481347",길찾기
접수,N,30818017.0,51643467.0,62315372,에일리언쿠퍼(Alien Cooper Co.. Ltd.*,에일리언쿠퍼(GiGAeyes i-guard),리텐션,관리고객,해지고위험,방문활동,,사전리텐션 방문활동 타겟 알림을 위한 VOC 생성,,>>,,SP,G000303,2025-12-31 10:51:58.0,,,직접입력,,VOC20251231105146062,해당없음,기본서비스,텔레캅아이,GiGAeyes i-guard,초고속인터넷,TCP-IP(All-IoT),,,,1,영업채널본부,리텐션팀,,N,강북/강원본부,고양지사,,,경기 고양시 일산동구 사리현동 262-16,,"92,000",유창준,37.7029538316831,126.843928918827,경기,고양시,일산동,"37.7029538316831,126.843928918827","https://www.google.com/maps?q=37.7029538316831,126.843928918827",길찾기
접수,N,30439662.0,51128647.0,61360701,이원*,이원자주택,리텐션,관리고객,해지고위험,방문활동,,사전리텐션 방문활동 타겟 알림을 위한 VOC 생성,,>>,,SP,G000407,2025-12-31 10:51:58.0,,,직접입력,,VOC20251231105146066,해당없음,기본서비스,텔레캅아이,ktt GiGAeyes view+(DVR),무회선,로컬운영,,,,1,영업채널본부,리텐션팀,,N,강북/강원본부,중앙지사,,,서울 성북구 성북동 177-87,,"150,000",문성진,37.5914153373568,127.004699519908,서울,성북구,성북동,"37.5914153373568,127.004699519908","https://www.google.com/maps?q=37.5914153373568,127.004699519908",길찾기
접수,N,30680158.0,51395460.0,61790888,구지*,삼원농산식자재마트,리텐션,관리고객,해지고위험,방문활동,,사전리텐션 방문활동 타겟 알림을 위한 VOC 생성,,>>,,SP,G000605,2025-12-31 10:51:58.0,,,직접입력,,VOC20251231105146070,해당없음,기본서비스,텔레캅아이,ktt GiGAeyes view+(DVR),무회선,로컬운영,,,,1,영업채널본부,리텐션팀,,N,강북/강원본부,남양주지사,,,경기 남양주시 도곡리 1067-14,,"170,000",김현돈,37.5768464598356,127.227264553139,경기,남양주시,,"37.5768464598356,127.227264553139","https://www.google.com/maps?q=37.5768464598356,127.227264553139",길찾기
접수,N,30594330.0,51232053.0,61508039,이순*,삼흥피엠테크(OCT),리텐션,관리고객,해지고위험,방문활동,,사전리텐션 방문활동 타겟 알림을 위한 VOC 생성,,>>,,SP,G000502,2025-12-31 10:51:58.0,,,직접입력,,VOC20251231105146072,해당없음,기본서비스,텔레캅아이,ktt OCT 가드(NVR),초고속인터넷,메인,,,,1,영업채널본부,리텐션팀,,N,강북/강원본부,의정부지사,,,경기 양주시 광적면 석우리 265-1,,"250,000",김주택,37.8383708445542,126.979934651312,경기,양주시,광적면,"37.8383708445542,126.979934651312","https://www.google.com/maps?q=37.8383708445542,126.979934651312",길찾기
처리완료,N,30717534.0,51838379.0,62727467,전선*,(주)나인컴퍼니,리텐션,관리고객,해지고위험,방문활동,,사전리텐션 방문활동 타겟 알림을 위한 VOC 생성,,>>,,SP,G000404,2025-12-31 10:51:58.0,,,직접입력,,VOC20251231105146074,해당없음,기본서비스,텔레캅아이,GiGAeyes i-slim,초고속인터넷,TCP-IP(All-IoT),,,,1,영업채널본부,리텐션팀,,N,강북/강원본부,중앙지사,,,서울 중구 신당동 217-91번지 청평화상가 지하1층 바  11~12호,,"67,000",권대호,37.5694659147977,127.01494722927,서울,중구,신당동,"37.5694659147977,127.01494722927","https://www.google.com/maps?q=37.5694659147977,127.01494722927",길찾기
접수,N,30030028.0,50066105.0,60081985,김경*,광희약국(OCT),리텐션,관리고객,해지고위험,방문활동,,사전리텐션 방문활동 타겟 알림을 위한 VOC 생성,,>>,,SP,G000408,2025-12-31 10:51:58.0,,,직접입력,,VOC20251231105146080,해당없음,기본서비스,텔레캅아이,ktt OCT 가드(DVR),초고속인터넷,메인,,,,1,영업채널본부,리텐션팀,,N,강북/강원본부,중앙지사,,,서울 중구 광희동2가 323-2 1층,,"75,000",김윤정,37.5640143381854,127.007467354106,서울,중구,광희동,"37.5640143381854,127.007467354106","https://www.google.com/maps?q=37.5640143381854,127.007467354106",길찾기
처리완료,N,30421629.0,51992432.0,63057055,지에스네오텍(주*,지에스네오텍(GiGAeyes guard),리텐션,관리고객,해지고위험,방문활동,,사전리텐션 방문활동 타겟 알림을 위한 VOC 생성,,>>,,SP,G000307,2025-12-31 10:51:58.0,,,직접입력,,VOC20251231105146082,해당없음,기본서비스,텔레캅아이,GiGAeyes guard+(NVR),초고속인터넷,TCP-IP(All-IoT),,,,1,영업채널본부,리텐션팀,,N,강북/강원본부,고양지사,,,경기 고양시 일산동구 장항동 604-3 고양사업소 열수송관공사현장,,"194,000",황상대,37.6412346447716,126.77851833763,경기,고양시,일산동,"37.6412346447716,126.77851833763","https://www.google.com/maps?q=37.6412346447716,126.77851833763",길찾기
처리완료,N,30894144.0,51786050.0,62613422,조현*,변리사스쿨(GiGAeyes i-guard),리텐션,관리고객,해지고위험,방문활동,,사전리텐션 방문활동 타겟 알림을 위한 VOC 생성,,>>,,SP,G000306,2025-12-31 10:51:58.0,,,직접입력,,VOC20251231105146088,해당없음,기본서비스,텔레캅아이,GiGAeyes i-guard,초고속인터넷,TCP-IP(All-IoT),,,,1,영업채널본부,리텐션팀,,N,강북/강원본부,고양지사,,,경기 파주시 다율동 1044-8 상상매디컬프라자 608호,,"63,000",박민준,37.734798813216,126.733035841522,경기,파주시,다율동,"37.734798813216,126.733035841522","https://www.google.com/maps?q=37.734798813216,126.733035841522",길찾기
처리완료,N,30543788.0,51129788.0,61362088,양승*,힘코퍼레이션(GiGAeyes guard),리텐션,관리고객,해지고위험,방문활동,,사전리텐션 방문활동 타겟 알림을 위한 VOC 생성,,>>,,SP,G000406,2025-12-31 10:51:58.0,,,직접입력,,VOC20251231105146092,해당없음,기본서비스,텔레캅아이,GiGAeyes guard+(DVR),초고속인터넷,TCP-IP(All-IoT),,,,1,영업채널본부,리텐션팀,,N,강북/강원본부,중앙지사,,,서울 성북구 동선동1가 84-2 창천프라자 2층,,"140,000",김지한,37.5913342478625,127.019037988602,서울,성북구,동선동,"37.5913342478625,127.019037988602","https://www.google.com/maps?q=37.5913342478625,127.019037988602",길찾기
처리완료,N,262432.0,50495695.0,60611668,(주)청담이엠*,청담이엠텍(OCT),리텐션,관리고객,해지고위험,방문활동,,사전리텐션 방문활동 타겟 알림을 위한 VOC 생성,,>>,,SP,G000501,2025-12-31 10:51:58.0,,,직접입력,,VOC20251231105146098,해당없음,기본서비스,텔레캅아이,ktt OCT 가드(NVR),초고속인터넷,메인,,,,1,영업채널본부,리텐션팀,,N,강북/강원본부,의정부지사,,,경기 의정부시 의정부2동 542-7,,"100,000",차현갑,37.7330056249051,127.036899284899,경기,의정부시,,"37.7330056249051,127.036899284899","https://www.google.com/maps?q=37.7330056249051,127.036899284899",길찾기
처리완료,N,30603830.0,51260041.0,61545889,정재*,휴비즈(B101호),리텐션,관리고객,해지고위험,방문활동,,사전리텐션 방문활동 타겟 알림을 위한 VOC 생성,,>>,,SP,G000106,2025-12-31 10:51:58.0,,,직접입력,,VOC20251231105146102,해당없음,기본서비스,GiGAeyes Basic,GiGAeyes Basic,초고속인터넷,메인,,,,1,영업채널본부,리텐션팀,,N,강북/강원본부,강북지사,,,서울 성동구 성수동2가 280-9 생각공장 101,,"65,000",김형선,37.54685734319,127.0653684426,서울,성동구,성동,"37.54685734319,127.0653684426","https://www.google.com/maps?q=37.54685734319,127.0653684426",길찾기
처리완료,N,30587013.0,51215630.0,61484584,유신*,명동연세이비인후과의원(GiGAeyes guard),리텐션,관리고객,해지고위험,방문활동,,사전리텐션 방문활동 타겟 알림을 위한 VOC 생성,,>>,,SP,G000402,2025-12-31 10:51:58.0,,,직접입력,,VOC20251231105146104,해당없음,기본서비스,텔레캅아이,GiGAeyes guard+(NVR),초고속인터넷,TCP-IP(All-IoT),,,,1,영업채널본부,리텐션팀,,N,강북/강원본부,중앙지사,,,서울 중구 을지로2가 199-77 메트로호텔별관34층,,"157,000",김병조,37.5650594469638,126.983928223938,서울,중구,,"37.5650594469638,126.983928223938","https://www.google.com/maps?q=37.5650594469638,126.983928223938",길찾기
미접수,N,30323337.0,50710419.0,60856341,최광*,최광식가정집(OCT),리텐션,관리고객,해지고위험,방문활동,,사전리텐션 방문활동 타겟 알림을 위한 VOC 생성,,>>,,SP,G000601,2025-12-31 10:51:58.0,,,직접입력,,VOC20251231105146110,해당없음,기본서비스,텔레캅아이,ktt GiGAeyes view+(DVR),무회선,로컬운영,,,,1,영업채널본부,리텐션팀,,N,강북/강원본부,남양주지사,,,경기 남양주시 화도읍 금남리 747-2,,"129,000",홍종철,37.6137741118495,127.34081569839,경기,남양주시,화도읍,"37.6137741118495,127.34081569839","https://www.google.com/maps?q=37.6137741118495,127.34081569839",길찾기
접수,N,30901051.0,51797861.0,62638952,바디체*,바디채널혜화점(GiGAeyes guard),리텐션,관리고객,해지고위험,방문활동,,사전리텐션 방문활동 타겟 알림을 위한 VOC 생성,,>>,,SP,G000407,2025-12-31 10:51:58.0,,,직접입력,,VOC20251231105146118,해당없음,기본서비스,텔레캅아이,GiGAeyes guard+(DVR),초고속인터넷,TCP-IP(All-IoT),,,,1,영업채널본부,리텐션팀,,N,강북/강원본부,중앙지사,,,서울 종로구 혜화동 111-7번지 23층,,"132,000",문성진,37.5858391865198,127.000572097401,서울,종로구,혜화동,"37.5858391865198,127.000572097401","https://www.google.com/maps?q=37.5858391865198,127.000572097401",길찾기
처리완료,N,30901051.0,51878599.0,62814257,바디체*,바디채널은평신사점(GiGAeyes guard),리텐션,관리고객,해지고위험,방문활동,,사전리텐션 방문활동 타겟 알림을 위한 VOC 생성,,>>,,SP,G000202,2025-12-31 10:51:58.0,,,직접입력,,VOC20251231105146120,해당없음,기본서비스,텔레캅아이,GiGAeyes guard+(DVR),초고속인터넷,TCP-IP(All-IoT),,,,1,영업채널본부,리텐션팀,,N,강북/강원본부,서대문지사,,,서울 은평구 신사동 8-18 23층,,"100,000",안근영,37.5990724876503,126.910549033113,서울,은평구,신사동,"37.5990724876503,126.910549033113","https://www.google.com/maps?q=37.5990724876503,126.910549033113",길찾기
처리완료,N,30533626.0,51114337.0,61341944,명연*,장일남컬렉션2층사무실(텔레캅 큐브),리텐션,관리고객,해지고위험,방문활동,,사전리텐션 방문활동 타겟 알림을 위한 VOC 생성,,>>,,SP,G000403,2025-12-31 10:51:58.0,,,직접입력,,VOC20251231105146122,해당없음,기본서비스,텔레캅아이,GiGAeyes guard+(DVR),초고속인터넷,TCP-IP(All-IoT),,,,1,영업채널본부,리텐션팀,,N,강북/강원본부,중앙지사,,,서울 중구 남산동2가 40-1번지 2층,,"117,000",오광훈,37.5588839579779,126.985571658115,서울,중구,남산동,"37.5588839579779,126.985571658115","https://www.google.com/maps?q=37.5588839579779,126.985571658115",길찾기
접수,N,30327462.0,51128008.0,61359933,황영*,베러웨이시스템즈(OCT),리텐션,관리고객,해지고위험,방문활동,,사전리텐션 방문활동 타겟 알림을 위한 VOC 생성,,>>,,SP,G000106,2025-12-31 10:51:58.0,,,직접입력,,VOC20251231105146126,해당없음,기본서비스,텔레캅아이,ktt OCT 가드(DVR),초고속인터넷,메인,,,,1,영업채널본부,리텐션팀,,N,강북/강원본부,강북지사,,,서울 성동구 성수동2가 278-32,,"120,000",김형선,37.5461666146774,127.060509005031,서울,성동구,성동,"37.5461666146774,127.060509005031","https://www.google.com/maps?q=37.5461666146774,127.060509005031",길찾기
처리완료,N,351770.0,20535608.0,20535608,홍승*,허유재병원총무과,리텐션,관리고객,해지고위험,방문활동,,사전리텐션 방문활동 타겟 알림을 위한 VOC 생성,,>>,,SP,G000307,2025-12-31 10:51:58.0,,,직접입력,,VOC20251231105146128,해당없음,기본서비스,GiGAeyes Basic,GiGAeyes Basic,공중회선,메인,,,,1,영업채널본부,리텐션팀,,N,강북/강원본부,고양지사,,,경기 고양시 일산구 장항동 780번지 허유재병원 4층 총무과,,"70,000",황상대,37.6629159635707,126.76996052869,경기,고양시,장항동,"37.6629159635707,126.76996052869","https://www.google.com/maps?q=37.6629159635707,126.76996052869",길찾기
처리완료,N,30902381.0,52098431.0,63259974,류정*,티엠지종합엔지니어링건축사무소,리텐션,관리고객,해지고위험,방문활동,,사전리텐션 방문활동 타겟 알림을 위한 VOC 생성,,>>,,SP,G000505,2025-12-31 10:51:58.0,,,직접입력,,VOC20251231105146140,해당없음,기본서비스,텔레캅아이,단독형 I 지문리더,무회선,로컬운영,,,,1,영업채널본부,리텐션팀,,N,강북/강원본부,의정부지사,,,경기 포천시 자작동 264-4번지 콘테이너 진입로쪽에 2030부대 적혀있음,,"55,000",정성록,,,경기,포천시,자작동,,,
접수,N,30591272.0,51223860.0,61496775,남승*,서연종합모터스리사이클(GiGAeyes guard),리텐션,관리고객,해지고위험,방문활동,,사전리텐션 방문활동 타겟 알림을 위한 VOC 생성,,>>,,SP,G000502,2025-12-31 10:51:58.0,,,직접입력,,VOC20251231105146480,해당없음,기본서비스,텔레캅아이,GiGAeyes guard+(NVR),초고속인터넷,TCP-IP(All-IoT),,,,1,영업채널본부,리텐션팀,,N,강북/강원본부,의정부지사,,,경기 양주시 남면 입암리 390-1,,"150,000",김주택,37.8787985250984,126.993865656878,경기,양주시,남면,"37.8787985250984,126.993865656878","https://www.google.com/maps?q=37.8787985250984,126.993865656878",길찾기
접수,N,30958795.0,51611001.0,62244343,오석*,연몽캠핑장,리텐션,관리고객,해지고위험,방문활동,,사전리텐션 방문활동 타겟 알림을 위한 VOC 생성,,>>,,SP,G000504,2025-12-31 10:51:58.0,,,직접입력,,VOC20251231105146482,해당없음,기본서비스,텔레캅아이,GiGAeyes guard+(DVR),초고속인터넷,TCP-IP(All-IoT),,,,1,영업채널본부,리텐션팀,,N,강북/강원본부,의정부지사,,,경기 연천군 전곡읍 660-3 미라클,,"150,000",김민수,37.9873425297587,127.021250904273,경기,연천군,전곡읍,"37.9873425297587,127.021250904273","https://www.google.com/maps?q=37.9873425297587,127.021250904273",길찾기
처리완료,N,30688164.0,51410651.0,61820802,미림아파트4c*,미림아파트-CCTV,리텐션,관리고객,해지고위험,방문활동,,사전리텐션 방문활동 타겟 알림을 위한 VOC 생성,,>>,,SP,G000309,2025-12-31 10:51:58.0,,,직접입력,,VOC20251231105146484,해당없음,기본서비스,텔레캅아이,ktt GiGAeyes view+(NVR),무회선,로컬운영,,,,1,영업채널본부,리텐션팀,,N,강북/강원본부,고양지사,,,경기 파주시 봉일천리 봉일천리 237-2번지 미림아파트 ㅇ (봉일천리미림아파트),,"150,000",조현웅,37.7455166778052,126.809424734981,경기,파주시,,"37.7455166778052,126.809424734981","https://www.google.com/maps?q=37.7455166778052,126.809424734981",길찾기
처리완료,N,30374109.0,50712794.0,60859109,장미*,숨(OCT),리텐션,관리고객,해지고위험,방문활동,,사전리텐션 방문활동 타겟 알림을 위한 VOC 생성,,>>,,SP,G000505,2025-12-31 10:51:58.0,,,직접입력,,VOC20251231105146486,해당없음,기본서비스,텔레캅아이,kt OCT 가드(DVR),초고속인터넷,메인,,,,1,영업채널본부,리텐션팀,,N,강북/강원본부,의정부지사,,,경기 포천시 소흘읍 고모리 735-1,,"150,000",정성록,37.7879422447974,127.163742880674,경기,포천시,소흘읍,"37.7879422447974,127.163742880674","https://www.google.com/maps?q=37.7879422447974,127.163742880674",길찾기
접수,N,30797731.0,51608797.0,62239612,이은*,국화향기(국화정원)(OCT),리텐션,관리고객,해지고위험,방문활동,,사전리텐션 방문활동 타겟 알림을 위한 VOC 생성,,>>,,SP,G000407,2025-12-31 10:51:58.0,,,직접입력,,VOC20251231105146494,해당없음,기본서비스,텔레캅아이,ktt OCT 가드(DVR),무선회선,LTE Single KT,,,,1,영업채널본부,리텐션팀,,N,강북/강원본부,중앙지사,,,서울 성북구 성북동 264번지,,"148,000",문성진,37.59458786787,126.992698874646,서울,성북구,성북동,"37.59458786787,126.992698874646","https://www.google.com/maps?q=37.59458786787,126.992698874646",길찾기
처리완료,N,30484505.0,51120574.0,61350105,(주)수*,(주)수수 은평점 ,리텐션,관리고객,해지고위험,방문활동,,사전리텐션 방문활동 타겟 알림을 위한 VOC 생성,,>>,,SP,G000201,2025-12-31 10:51:58.0,,,직접입력,,VOC20251231105146156,해당없음,기본서비스,텔레캅아이,ktt GiGAeyes view+(DVR),무회선,로컬운영,,,,1,영업채널본부,리텐션팀,,N,강북/강원본부,서대문지사,,,서울 은평구 진관동 63 롯데몰 은평점 2층,,"38,000",유범식,37.6377546707009,126.917969813464,서울,은평구,진관동,"37.6377546707009,126.917969813464","https://www.google.com/maps?q=37.6377546707009,126.917969813464",길찾기
처리완료,N,30171860.0,50420751.0,60518142,한정*,미진무역(주)(NVR뷰),리텐션,관리고객,해지고위험,방문활동,,사전리텐션 방문활동 타겟 알림을 위한 VOC 생성,,>>,,SP,G000404,2025-12-31 10:51:58.0,,,직접입력,,VOC20251231105146160,해당없음,기본서비스,텔레캅아이,ktt GiGAeyes view+(NVR),무회선,로컬운영,,,,1,영업채널본부,리텐션팀,,N,강북/강원본부,중앙지사,,,서울 성동구 행당동 12-5번지,,"220,000",권대호,37.5603131005837,127.041511404283,서울,성동구,성동,"37.5603131005837,127.041511404283","https://www.google.com/maps?q=37.5603131005837,127.041511404283",길찾기
접수,N,30897930.0,51792649.0,62627450,송동*,굿윌스토어 밀알일산점,리텐션,관리고객,해지고위험,방문활동,,사전리텐션 방문활동 타겟 알림을 위한 VOC 생성,,>>,,SP,G000303,2025-12-31 10:51:58.0,,,직접입력,,VOC20251231105146164,해당없음,기본서비스,텔레캅아이,GiGAeyes i-special,초고속인터넷,TCP-IP(All-IoT),,,,1,영업채널본부,리텐션팀,,N,강북/강원본부,고양지사,,,경기 고양시 일산동구 식사동 839번지,,"160,000",유창준,37.6757920685804,126.800193779951,경기,고양시,일산동,"37.6757920685804,126.800193779951","https://www.google.com/maps?q=37.6757920685804,126.800193779951",길찾기
처리완료,N,30604379.0,51261639.0,61548186,박기*,우솔본관(GiGAeyes guard),리텐션,관리고객,해지고위험,방문활동,,사전리텐션 방문활동 타겟 알림을 위한 VOC 생성,,>>,,SP,G000604,2025-12-31 10:51:58.0,,,직접입력,,VOC20251231105146166,해당없음,기본서비스,텔레캅아이,GiGAeyes guard+(NVR),초고속인터넷,TCP-IP(All-IoT),,,,1,영업채널본부,리텐션팀,,N,강북/강원본부,남양주지사,,,경기 양평군 양서면 816번지 (한강물연구소옆),,"80,000",이현배,37.5478486568825,127.375580151538,경기,양평군,양서면,"37.5478486568825,127.375580151538","https://www.google.com/maps?q=37.5478486568825,127.375580151538",길찾기
접수,N,30811523.0,51632284.0,62291314,김병*,만상(OCT),리텐션,관리고객,해지고위험,방문활동,,사전리텐션 방문활동 타겟 알림을 위한 VOC 생성,,>>,,SP,G000407,2025-12-31 10:51:58.0,,,직접입력,,VOC20251231105146172,해당없음,기본서비스,텔레캅아이,ktt OCT 가드(NVR),무선회선,LTE Single KT,,,,1,영업채널본부,리텐션팀,,N,강북/강원본부,중앙지사,,,서울 종로구 낙원동 150-1 파고다빌딩 5층 501호,,"207,000",문성진,37.5718008087131,126.989794738486,서울,종로구,낙원동,"37.5718008087131,126.989794738486","https://www.google.com/maps?q=37.5718008087131,126.989794738486",길찾기
미접수,N,31042641.0,50679765.0,60822296,진성브라더*,진성브라더스(OCT),리텐션,관리고객,해지고위험,방문활동,,사전리텐션 방문활동 타겟 알림을 위한 VOC 생성,,>>,,SP,G000105,2025-12-31 10:51:58.0,,,직접입력,,VOC20251231105146176,해당없음,기본서비스,텔레캅아이,ktt OCT 가드(DVR),초고속인터넷,메인,,,,1,영업채널본부,리텐션팀,,N,강북/강원본부,강북지사,,,서울 광진구 구의동 광나루로30나길27번지,,"65,000",사공관,37.5433928356114,127.08324415119,서울,광진구,구의동,"37.5433928356114,127.08324415119","https://www.google.com/maps?q=37.5433928356114,127.08324415119",길찾기
처리완료,N,30850558.0,50229523.0,60281083,서울식물*,송릉양묘장(OCT),리텐션,관리고객,해지고위험,방문활동,,사전리텐션 방문활동 타겟 알림을 위한 VOC 생성,,>>,,SP,G000602,2025-12-31 10:51:58.0,,,직접입력,,VOC20251231105146178,해당없음,기본서비스,텔레캅아이,ktt OCT 가드(DVR),무선회선,LTE Single KT,,,,1,영업채널본부,리텐션팀,,N,강북/강원본부,남양주지사,,,경기 남양주시 진건읍 사능리 산5-1 (315-5),,"77,000",조형근,37.6529009991494,127.198454937947,경기,남양주시,진건읍,"37.6529009991494,127.198454937947","https://www.google.com/maps?q=37.6529009991494,127.198454937947",길찾기
처리완료,N,30626665.0,51304432.0,61609548,진성브라더*,진성한우곱창,리텐션,관리고객,해지고위험,방문활동,,사전리텐션 방문활동 타겟 알림을 위한 VOC 생성,,>>,,SP,G000404,2025-12-31 10:51:58.0,,,직접입력,,VOC20251231105146180,해당없음,기본서비스,텔레캅아이,ktt GiGAeyes view+(DVR),무회선,로컬운영,,,,1,영업채널본부,리텐션팀,,N,강북/강원본부,중앙지사,,,서울 중구 무학동 2번지 성지빌딩 1층,,"53,000",권대호,37.5648550417938,127.015843432783,서울,중구,무학동,"37.5648550417938,127.015843432783","https://www.google.com/maps?q=37.5648550417938,127.015843432783",길찾기
처리완료,N,30712823.0,51354777.0,61705372,근로복지공단 마포어린이*,근로복지공단마포어린이집(OCT),리텐션,관리고객,해지고위험,방문활동,,사전리텐션 방문활동 타겟 알림을 위한 VOC 생성,,>>,,SP,G000202,2025-12-31 10:51:58.0,,,직접입력,,VOC20251231105146184,해당없음,기본서비스,텔레캅아이,ktt OCT 가드(NVR),초고속인터넷,메인,,,,1,영업채널본부,리텐션팀,,N,강북/강원본부,서대문지사,,,서울 마포구 연남 369-4,,"160,000",안근영,37.563741562847,126.920495736981,서울,마포구,,"37.563741562847,126.920495736981","https://www.google.com/maps?q=37.563741562847,126.920495736981",길찾기
접수,N,30801186.0,51614560.0,62252221,조용*,미디어빌리지테크(GiGAeyes i-guard premium),리텐션,관리고객,해지고위험,방문활동,,사전리텐션 방문활동 타겟 알림을 위한 VOC 생성,,>>,,SP,G000205,2025-12-31 10:51:58.0,,,직접입력,,VOC20251231105146186,해당없음,기본서비스,텔레캅아이,GiGAeyes i-guard premium,초고속인터넷,TCP-IP(All-IoT),,,,1,영업채널본부,리텐션팀,,N,강북/강원본부,서대문지사,,,서울 마포구 서교동 469-5,,"250,000",안수호,37.5576428134658,126.913334966392,서울,마포구,서교동,"37.5576428134658,126.913334966392","https://www.google.com/maps?q=37.5576428134658,126.913334966392",길찾기
처리완료,N,30098228.0,50922316.0,61106489,민동*,생협학생회관-고를샘,리텐션,관리고객,해지고위험,방문활동,,사전리텐션 방문활동 타겟 알림을 위한 VOC 생성,,>>,,SP,G000203,2025-12-31 10:51:58.0,,,직접입력,,VOC20251231105146200,해당없음,기본서비스,GiGAeyes Basic,GiGAeyes Basic,무회선,로컬운영,,,,1,영업채널본부,리텐션팀,,N,강북/강원본부,서대문지사,,,서울 서대문구 신촌동 연세대학교,,"70,000",최용호,,,서울,서대문구,신촌동,,,
처리완료,N,30895585.0,51788477.0,62618791,(주)명비엠*,한빛슈테리움1차-소방출동(GiGAeyes guard),리텐션,관리고객,해지고위험,방문활동,,사전리텐션 방문활동 타겟 알림을 위한 VOC 생성,,>>,,SP,G000203,2025-12-31 10:51:58.0,,,직접입력,,VOC20251231105146204,해당없음,기본서비스,텔레캅아이,GiGAeyes guard+(DVR),초고속인터넷,TCP-IP(All-IoT),,,,1,영업채널본부,리텐션팀,,N,강북/강원본부,서대문지사,,,서울 서대문구 대현동 90-22번지 한빛슈테리움1차 전층,,"90,000",최용호,37.557689334744,126.943755458472,서울,서대문구,대현동,"37.557689334744,126.943755458472","https://www.google.com/maps?q=37.557689334744,126.943755458472",길찾기
미접수,N,30209266.0,51057108.0,61269272,손진*,루케테80쌍문점(OCT),리텐션,관리고객,해지고위험,방문활동,,사전리텐션 방문활동 타겟 알림을 위한 VOC 생성,,>>,,SP,G000102,2025-12-31 10:51:58.0,,,직접입력,,VOC20251231105146212,해당없음,기본서비스,텔레캅아이,kt OCT 가드(NVR),초고속인터넷,메인,,,,1,영업채널본부,리텐션팀,,N,강북/강원본부,강북지사,,,서울 도봉구 쌍문동 20번지(벽산프라자401호),,"69,000",성진수,37.6587623306771,127.034758877919,서울,도봉구,쌍문동,"37.6587623306771,127.034758877919","https://www.google.com/maps?q=37.6587623306771,127.034758877919",길찾기
처리완료,N,30280768.0,50866958.0,61038147,최재고외1*,디앤에프-2공장(OCT),리텐션,관리고객,해지고위험,방문활동,,사전리텐션 방문활동 타겟 알림을 위한 VOC 생성,,>>,,SP,G000505,2025-12-31 10:51:58.0,,,직접입력,,VOC20251231105146214,해당없음,기본서비스,텔레캅아이,ktt OCT 가드(NVR),초고속인터넷,메인,,,,1,영업채널본부,리텐션팀,,N,강북/강원본부,의정부지사,,,경기 포천시 소흘읍 초가팔리 135,,"145,000",정성록,37.8102431363376,127.152338237296,경기,포천시,소흘읍,"37.8102431363376,127.152338237296","https://www.google.com/maps?q=37.8102431363376,127.152338237296",길찾기
처리완료,N,144043.0,51401572.0,61801837,주)서울의*,서울의약(OCT),리텐션,관리고객,해지고위험,방문활동,,사전리텐션 방문활동 타겟 알림을 위한 VOC 생성,,>>,,SP,G000107,2025-12-31 10:51:58.0,,,직접입력,,VOC20251231105146498,해당없음,기본서비스,텔레캅아이,ktt OCT 가드(DVR),초고속인터넷,메인,,,,1,영업채널본부,리텐션팀,,N,강북/강원본부,강북지사,,,서울 성북구 장위동 75-429 웅진출판 4층지하1층,,"147,000",김태형,37.615469141717,127.051824628873,서울,성북구,장위동,"37.615469141717,127.051824628873","https://www.google.com/maps?q=37.615469141717,127.051824628873",길찾기
접수,N,30685220.0,51405610.0,61810447,장석*,대명산업(OCT),리텐션,관리고객,해지고위험,방문활동,,사전리텐션 방문활동 타겟 알림을 위한 VOC 생성,,>>,,SP,G000502,2025-12-31 10:51:58.0,,,직접입력,,VOC20251231105146502,해당없음,기본서비스,텔레캅아이,ktt OCT 가드(NVR),초고속인터넷,메인,,,,1,영업채널본부,리텐션팀,,N,강북/강원본부,의정부지사,,,경기 양주시 광적면 덕도리 47-8,,"150,000",김주택,37.8426691956432,126.98537033315,경기,양주시,광적면,"37.8426691956432,126.98537033315","https://www.google.com/maps?q=37.8426691956432,126.98537033315",길찾기
미접수,N,30395257.0,50854609.0,61023782,김정*,김정은사무실(OCT),리텐션,관리고객,해지고위험,방문활동,,사전리텐션 방문활동 타겟 알림을 위한 VOC 생성,,>>,,SP,G000401,2025-12-31 10:51:58.0,,,직접입력,,VOC20251231105146504,해당없음,기본서비스,텔레캅아이,ktt OCT 가드(DVR),무선회선,MVNO,,,,1,영업채널본부,리텐션팀,,N,강북/강원본부,중앙지사,,,서울 종로구 효자동 자하문로24길 44 (효자동),,"150,000",송민철,37.5822928450685,126.971805868932,서울,종로구,효자동,"37.5822928450685,126.971805868932","https://www.google.com/maps?q=37.5822928450685,126.971805868932",길찾기
미접수,N,31072360.0,51235429.0,61513139,정홍*,새상영교회,리텐션,관리고객,해지고위험,방문활동,,사전리텐션 방문활동 타겟 알림을 위한 VOC 생성,,>>,,SP,G000101,2025-12-31 10:51:58.0,,,직접입력,,VOC20251231105146512,해당없음,기본서비스,텔레캅아이,GiGAeyes guard+(DVR),초고속인터넷,TCP-IP(All-IoT),,,,1,영업채널본부,리텐션팀,,N,강북/강원본부,강북지사,,,서울 노원구 중계동 360-17,,"145,000",성진수,37.6479138054581,127.072541835303,서울,노원구,중계동,"37.6479138054581,127.072541835303","https://www.google.com/maps?q=37.6479138054581,127.072541835303",길찾기
접수,N,30790681.0,51596551.0,62212742,이*,인하우징,리텐션,관리고객,해지고위험,방문활동,,사전리텐션 방문활동 타겟 알림을 위한 VOC 생성,,>>,,SP,G000303,2025-12-31 10:51:58.0,,,직접입력,,VOC20251231105146518,해당없음,기본서비스,텔레캅아이,GiGAeyes guard+(DVR),초고속인터넷,TCP-IP(All-IoT),,,,1,영업채널본부,리텐션팀,,N,강북/강원본부,고양지사,,,경기 고양시 일산동구 산황동 484-1,,"141,000",유창준,37.6499202371601,126.80960899674,경기,고양시,일산동,"37.6499202371601,126.80960899674","https://www.google.com/maps?q=37.6499202371601,126.80960899674",길찾기
처리완료,N,30775315.0,51256122.0,61540041,정두*,진로할인마트,리텐션,관리고객,해지고위험,방문활동,,사전리텐션 방문활동 타겟 알림을 위한 VOC 생성,,>>,,SP,G000308,2025-12-31 10:51:58.0,,,직접입력,,VOC20251231105146520,해당없음,기본서비스,텔레캅아이,GiGAeyes guard+(DVR),초고속인터넷,TCP-IP(All-IoT),,,,1,영업채널본부,리텐션팀,,N,강북/강원본부,고양지사,,,경기 고양시 일산서구 대화동 2126번지 진로할인마트,,"140,000",강민수,37.6786889727064,126.754774526456,경기,고양시,대화동,"37.6786889727064,126.754774526456","https://www.google.com/maps?q=37.6786889727064,126.754774526456",길찾기
접수,N,30594132.0,51230992.0,61506715,김상*,멜팅(GiGAeyes guard),리텐션,관리고객,해지고위험,방문활동,,사전리텐션 방문활동 타겟 알림을 위한 VOC 생성,,>>,,SP,G000504,2025-12-31 10:51:58.0,,,직접입력,,VOC20251231105146528,해당없음,기본서비스,텔레캅아이,GiGAeyes guard+(NVR),초고속인터넷,TCP-IP(All-IoT),,,,1,영업채널본부,리텐션팀,,N,강북/강원본부,의정부지사,,,경기 동두천시 탑동동 844,,"140,000",김민수,37.8856423383397,127.093188384786,경기,동두천시,탑동동,"37.8856423383397,127.093188384786","https://www.google.com/maps?q=37.8856423383397,127.093188384786",길찾기
접수,N,30894883.0,51787265.0,62616077,김명*,별빛슈퍼(GiGAeyes guard),리텐션,관리고객,해지고위험,방문활동,,사전리텐션 방문활동 타겟 알림을 위한 VOC 생성,,>>,,SP,G000302,2025-12-31 10:51:58.0,,,직접입력,,VOC20251231105146530,해당없음,기본서비스,텔레캅아이,GiGAeyes guard+(NVR),초고속인터넷,TCP-IP(All-IoT),,,,1,영업채널본부,리텐션팀,,N,강북/강원본부,고양지사,,,경기 고양시 덕양구 화정동 953번지상가동111호~112호,,"140,000",강경필,37.6339949727295,126.828695192816,경기,고양시,화정동,"37.6339949727295,126.828695192816","https://www.google.com/maps?q=37.6339949727295,126.828695192816",길찾기
접수,N,30258346.0,50062151.0,60077115,새희망둥*,새희망둥지(OCT),리텐션,관리고객,해지고위험,방문활동,,사전리텐션 방문활동 타겟 알림을 위한 VOC 생성,,>>,,SP,G000303,2025-12-31 10:51:58.0,,,직접입력,,VOC20251231105146532,해당없음,기본서비스,텔레캅아이,ktt OCT 가드(DVR),공중회선,메인,,,,1,영업채널본부,리텐션팀,,N,강북/강원본부,고양지사,,,경기 고양시 일산구 설문동 701-3,,"140,000",유창준,37.7263976591946,126.796064049285,경기,고양시,설문동,"37.7263976591946,126.796064049285","https://www.google.com/maps?q=37.7263976591946,126.796064049285",길찾기
접수,N,30058041.0,50128212.0,60153453,김점*,보라텍스타일(보라TEXTILE)-확장1번,리텐션,관리고객,해지고위험,방문활동,,사전리텐션 방문활동 타겟 알림을 위한 VOC 생성,,>>,,SP,G000502,2025-12-31 10:51:58.0,,,직접입력,,VOC20251231105146536,해당없음,기본서비스,GiGAeyes Basic,GiGAeyes Basic,무선회선,LTE Single KT,,,,1,영업채널본부,리텐션팀,,N,강북/강원본부,의정부지사,,,경기 양주시 남면 상수리 264-4,,"140,000",김주택,,,경기,양주시,남면,,,
접수,N,30799162.0,51611186.0,62244770,에이비랩건축사사무소장애물없는생활환경*,에이비랩건축사사무소(GiGAeyes i-guard),리텐션,관리고객,해지고위험,방문활동,,사전리텐션 방문활동 타겟 알림을 위한 VOC 생성,,>>,,SP,G000106,2025-12-31 10:51:58.0,,,직접입력,,VOC20251231105146538,해당없음,기본서비스,텔레캅아이,GiGAeyes i-guard,초고속인터넷,TCP-IP(All-IoT),,,,1,영업채널본부,리텐션팀,,N,강북/강원본부,강북지사,,,서울 성동구 성수동2가 315-27  2층,,"140,000",김형선,37.543258565612,127.055140848518,서울,성동구,성동,"37.543258565612,127.055140848518","https://www.google.com/maps?q=37.543258565612,127.055140848518",길찾기
접수,N,347836.0,20520878.0,20520878,남준*,연세미소내과(OCT),리텐션,관리고객,해지고위험,방문활동,,사전리텐션 방문활동 타겟 알림을 위한 VOC 생성,,>>,,SP,G000302,2025-12-31 10:51:58.0,,,직접입력,,VOC20251231105146540,해당없음,기본서비스,텔레캅아이,ktt OCT 가드(NVR),무선회선,LTE Single KT,,,,1,영업채널본부,리텐션팀,,N,강북/강원본부,고양지사,,,경기 고양시 덕양구 화정동 970-2 홀인원프라자4층,,"140,000",강경필,37.6336329373698,126.8310560033,경기,고양시,화정동,"37.6336329373698,126.8310560033","https://www.google.com/maps?q=37.6336329373698,126.8310560033",길찾기
미접수,N,30494334.0,50365126.0,60447593,정승*,서부약국(OCT),리텐션,관리고객,해지고위험,방문활동,,사전리텐션 방문활동 타겟 알림을 위한 VOC 생성,,>>,,SP,G000101,2025-12-31 10:51:58.0,,,직접입력,,VOC20251231105146542,해당없음,기본서비스,텔레캅아이,ktt OCT 가드(NVR),무선회선,LTE Single KT,,,,1,영업채널본부,리텐션팀,,N,강북/강원본부,강북지사,,,서울 노원구 상계동 651-2 (삼전빌딩101호),,"140,000",성진수,37.6668846627721,127.056837219968,서울,노원구,상계동,"37.6668846627721,127.056837219968","https://www.google.com/maps?q=37.6668846627721,127.056837219968",길찾기
처리완료,N,30891602.0,51780599.0,62602759,김지*,JW타워2,리텐션,관리고객,해지고위험,방문활동,,사전리텐션 방문활동 타겟 알림을 위한 VOC 생성,,>>,,SP,G000201,2025-12-31 10:51:58.0,,,직접입력,,VOC20251231105146546,해당없음,기본서비스,텔레캅아이,GiGAeyes guard+(NVR),무선회선,NB-IOT,,,,1,영업채널본부,리텐션팀,,N,강북/강원본부,서대문지사,,,서울 은평구 응암동 110-21전층,,"140,000",유범식,37.5995618287804,126.920245651208,서울,은평구,응암동,"37.5995618287804,126.920245651208","https://www.google.com/maps?q=37.5995618287804,126.920245651208",길찾기
처리완료,N,30539230.0,51169152.0,61416469,김대*,네이처프라임(OCT),리텐션,관리고객,해지고위험,방문활동,,사전리텐션 방문활동 타겟 알림을 위한 VOC 생성,,>>,,SP,G000505,2025-12-31 10:51:58.0,,,직접입력,,VOC20251231105146548,해당없음,기본서비스,텔레캅아이,ktt OCT 가드(DVR),초고속인터넷,메인,,,,1,영업채널본부,리텐션팀,,N,강북/강원본부,의정부지사,,,경기 포천시 가산면 가산리 489-1,,"140,000",정성록,37.8355385341359,127.167037909353,경기,포천시,가산면,"37.8355385341359,127.167037909353","https://www.google.com/maps?q=37.8355385341359,127.167037909353",길찾기
처리완료,N,30565104.0,51172788.0,61421760,이순*,순옥포슬린아트아카데미(GiGAeyes guard),리텐션,관리고객,해지고위험,방문활동,,사전리텐션 방문활동 타겟 알림을 위한 VOC 생성,,>>,,SP,G000604,2025-12-31 10:51:58.0,,,직접입력,,VOC20251231105146554,해당없음,기본서비스,텔레캅아이,GiGAeyes guard+(NVR),초고속인터넷,TCP-IP(All-IoT),,,,1,영업채널본부,리텐션팀,,N,강북/강원본부,남양주지사,,,경기 양평군 양평읍 신애리 514-12,,"138,000",이현배,37.5134247559795,127.489057609393,경기,양평군,양평읍,"37.5134247559795,127.489057609393","https://www.google.com/maps?q=37.5134247559795,127.489057609393",길찾기
처리완료,N,31213159.0,51788095.0,62617944,주식회사포스*,(주)포스엠,리텐션,관리고객,해지고위험,방문활동,,사전리텐션 방문활동 타겟 알림을 위한 VOC 생성,,>>,,SP,G000604,2025-12-31 10:51:58.0,,,직접입력,,VOC20251231105146556,해당없음,기본서비스,텔레캅아이,GiGAeyes i-guard,초고속인터넷,TCP-IP(All-IoT),,,,1,영업채널본부,리텐션팀,,N,강북/강원본부,남양주지사,,,경기 양평군 양평읍회현리 충신로 269,,"137,500",이현배,37.4666703331112,127.50811723602,경기,양평군,양평읍,"37.4666703331112,127.50811723602","https://www.google.com/maps?q=37.4666703331112,127.50811723602",길찾기
처리완료,N,30686099.0,51406911.0,61813121,이중*,홍익약국(GiGAeyes guard),리텐션,관리고객,해지고위험,방문활동,,사전리텐션 방문활동 타겟 알림을 위한 VOC 생성,,>>,,SP,G000203,2025-12-31 10:51:58.0,,,직접입력,,VOC20251231105146558,해당없음,기본서비스,텔레캅아이,GiGAeyes guard+(NVR),초고속인터넷,TCP-IP(All-IoT),,,,1,영업채널본부,리텐션팀,,N,강북/강원본부,서대문지사,,,서울 마포구 동교동 166-12번지 1층 약국,,"136,000",최용호,37.5568673175996,126.924615158918,서울,마포구,동교동,"37.5568673175996,126.924615158918","https://www.google.com/maps?q=37.5568673175996,126.924615158918",길찾기
미접수,N,30906788.0,51808125.0,62661201,하창*,정우산업(OCT),리텐션,관리고객,해지고위험,방문활동,,사전리텐션 방문활동 타겟 알림을 위한 VOC 생성,,>>,,SP,G000102,2025-12-31 10:51:58.0,,,직접입력,,VOC20251231105146566,해당없음,기본서비스,텔레캅아이,ktt OCT 가드(NVR),초고속인터넷,TCP-IP(All-IoT),,,,1,영업채널본부,리텐션팀,,N,강북/강원본부,강북지사,,,서울 강북구 수유동 229-5 정우빌딩 9층,,"135,000",성진수,37.6378565771774,127.025020670047,서울,강북구,수유동,"37.6378565771774,127.025020670047","https://www.google.com/maps?q=37.6378565771774,127.025020670047",길찾기
처리완료,N,30591510.0,51224301.0,61497417,김종*,대신산업사(GiGAeyes guard),리텐션,관리고객,해지고위험,방문활동,,사전리텐션 방문활동 타겟 알림을 위한 VOC 생성,,>>,,SP,G000309,2025-12-31 10:51:58.0,,,직접입력,,VOC20251231105146568,해당없음,기본서비스,텔레캅아이,GiGAeyes guard+(NVR),초고속인터넷,TCP-IP(All-IoT),,,,1,영업채널본부,리텐션팀,,N,강북/강원본부,고양지사,,,경기 파주시 광탄면 97-6,,"135,000",조현웅,37.8130025816827,126.898809986462,경기,파주시,광탄면,"37.8130025816827,126.898809986462","https://www.google.com/maps?q=37.8130025816827,126.898809986462",길찾기
처리완료,N,30786889.0,51590050.0,62198269,정하*,대훈아파트,리텐션,관리고객,해지고위험,방문활동,,사전리텐션 방문활동 타겟 알림을 위한 VOC 생성,,>>,,SP,G000201,2025-12-31 10:51:58.0,,,직접입력,,VOC20251231105146220,해당없음,기본서비스,텔레캅아이,ktt GiGAeyes view+(DVR),무회선,로컬운영,,,,1,영업채널본부,리텐션팀,,N,강북/강원본부,서대문지사,,,서울 은평구 갈현2동 136-6 공동현관,,"160,000",유범식,37.6173950480443,126.916381413577,서울,은평구,공동,"37.6173950480443,126.916381413577","https://www.google.com/maps?q=37.6173950480443,126.916381413577",길찾기
처리완료,N,30677840.0,51391395.0,61783019,임정*,스마일플란트치과(GiGAeyes guard),리텐션,관리고객,해지고위험,방문활동,,사전리텐션 방문활동 타겟 알림을 위한 VOC 생성,,>>,,SP,G000203,2025-12-31 10:51:58.0,,,직접입력,,VOC20251231105146222,해당없음,기본서비스,텔레캅아이,GiGAeyes guard+(DVR),초고속인터넷,TCP-IP(All-IoT),,,,1,영업채널본부,리텐션팀,,N,강북/강원본부,서대문지사,,,서울 마포구 서강동 서울 마포구 서강로 105 화일빌딩  5층,,"160,000",최용호,37.5524749518968,126.932819344843,서울,마포구,서강동,"37.5524749518968,126.932819344843","https://www.google.com/maps?q=37.5524749518968,126.932819344843",길찾기
접수,N,30905941.0,51806655.0,62658145,재단법인 행복한나*,재단법인행복한나눔창고(GiGAeyes guard),리텐션,관리고객,해지고위험,방문활동,,사전리텐션 방문활동 타겟 알림을 위한 VOC 생성,,>>,,SP,G000302,2025-12-31 10:51:58.0,,,직접입력,,VOC20251231105146226,해당없음,기본서비스,텔레캅아이,GiGAeyes guard+(DVR),초고속인터넷,TCP-IP(All-IoT),,,,1,영업채널본부,리텐션팀,,N,강북/강원본부,고양지사,,,경기 고양시 덕양구 화전동 227-3번지,,"201,000",강경필,37.6008198618885,126.874353551947,경기,고양시,화전동,"37.6008198618885,126.874353551947","https://www.google.com/maps?q=37.6008198618885,126.874353551947",길찾기
접수,N,30603655.0,51259542.0,61545162,(주)우천식*,우천식품(OCT),리텐션,관리고객,해지고위험,방문활동,,사전리텐션 방문활동 타겟 알림을 위한 VOC 생성,,>>,,SP,G000506,2025-12-31 10:51:58.0,,,직접입력,,VOC20251231105146228,해당없음,기본서비스,텔레캅아이,ktt OCT 가드(NVR),초고속인터넷,메인,,,,1,영업채널본부,리텐션팀,,N,강북/강원본부,의정부지사,,,경기 포천시 이동면 151-17,,"197,000",김진회,38.0310254342383,127.37979465578,경기,포천시,이동면,"38.0310254342383,127.37979465578","https://www.google.com/maps?q=38.0310254342383,127.37979465578",길찾기
미접수,N,30109591.0,51155547.0,61397355,(주)토네버인터내셔*,채율(OCT),리텐션,관리고객,해지고위험,방문활동,,사전리텐션 방문활동 타겟 알림을 위한 VOC 생성,,>>,,SP,G000401,2025-12-31 10:51:58.0,,,직접입력,,VOC20251231105146232,해당없음,기본서비스,텔레캅아이,ktt OCT 가드(NVR),무선회선,MVNO,,,,1,영업채널본부,리텐션팀,,N,강북/강원본부,중앙지사,,,서울 중구 소공동 1번지 롯데호텔본점1층,,"170,000",송민철,37.5648098108629,126.981089534575,서울,중구,소공동,"37.5648098108629,126.981089534575","https://www.google.com/maps?q=37.5648098108629,126.981089534575",길찾기
처리완료,N,31168490.0,51963325.0,62994549,주식회사 레이시*,레이시트 서대문역점,리텐션,관리고객,해지고위험,방문활동,,사전리텐션 방문활동 타겟 알림을 위한 VOC 생성,,>>,,SP,G000204,2025-12-31 10:51:58.0,,,직접입력,,VOC20251231105146236,해당없음,기본서비스,텔레캅아이,GiGAeyes guard+(DVR),초고속인터넷,TCP-IP(All-IoT),,,,1,영업채널본부,리텐션팀,,N,강북/강원본부,서대문지사,,,서울 서대문구 냉천동 258번지 냉천동258번지,,"100,000",우동주,37.5666940370918,126.965450903299,서울,서대문구,냉천동,"37.5666940370918,126.965450903299","https://www.google.com/maps?q=37.5666940370918,126.965450903299",길찾기
처리완료,N,31040546.0,52095451.0,63253911,남강*,주식회사하이팀(신원동),리텐션,관리고객,해지고위험,방문활동,,사전리텐션 방문활동 타겟 알림을 위한 VOC 생성,,>>,,SP,G000301,2025-12-31 10:51:58.0,,,직접입력,,VOC20251231105146238,해당없음,기본서비스,텔레캅아이,GiGAeyes guard+(NVR),초고속인터넷,TCP-IP(All-IoT),,,,1,영업채널본부,리텐션팀,,N,강북/강원본부,고양지사,,,경기 고양시 덕양구 신원동 622-2 107호,,"74,000",최우석,37.6644552526157,126.889347259619,경기,고양시,신원동,"37.6644552526157,126.889347259619","https://www.google.com/maps?q=37.6644552526157,126.889347259619",길찾기
미접수,N,30628671.0,51307997.0,61616694,(주)똑순*,투썸플레이스-가곡디티점(GiGAeyes guard),리텐션,관리고객,해지고위험,방문활동,,사전리텐션 방문활동 타겟 알림을 위한 VOC 생성,,>>,,SP,G000601,2025-12-31 10:51:58.0,,,직접입력,,VOC20251231105146246,해당없음,기본서비스,텔레캅아이,GiGAeyes guard+(NVR),초고속인터넷,TCP-IP(All-IoT),,,,1,영업채널본부,리텐션팀,,N,강북/강원본부,남양주지사,,,경기 남양주시 화도읍 가곡리 279-72,,"230,000",홍종철,37.6832508152423,127.305318153129,경기,남양주시,화도읍,"37.6832508152423,127.305318153129","https://www.google.com/maps?q=37.6832508152423,127.305318153129",길찾기
처리완료,N,215086.0,20008977.0,20008977,용답초등학교메*,용답초등학교,리텐션,관리고객,해지고위험,방문활동,,사전리텐션 방문활동 타겟 알림을 위한 VOC 생성,,>>,,SP,G000405,2025-12-31 10:51:58.0,,,직접입력,,VOC20251231105146248,해당없음,기본서비스,GiGAeyes Basic,GiGAeyes Basic,무선회선,WCDMA,,,,1,영업채널본부,리텐션팀,,N,강북/강원본부,중앙지사,,,서울 성동구 용답동 29번지 용답초등학교,,"340,000",남기민,37.5608301992746,127.053555107196,서울,성동구,성동,"37.5608301992746,127.053555107196","https://www.google.com/maps?q=37.5608301992746,127.053555107196",길찾기
처리완료,N,31193272.0,50969226.0,61157811,장철*,코라,리텐션,관리고객,해지고위험,방문활동,,사전리텐션 방문활동 타겟 알림을 위한 VOC 생성,,>>,,SP,G000505,2025-12-31 10:51:58.0,,,직접입력,,VOC20251231105146252,해당없음,기본서비스,텔레캅아이,ktt GiGAeyes view+(DVR),무회선,로컬운영,,,,1,영업채널본부,리텐션팀,,N,강북/강원본부,의정부지사,,,경기 포천시 신북면 금동리 산30,,"153,600",정성록,,,경기,포천시,신북면,,,
접수,N,90025308.0,51878192.0,62813257,케이티엔지니어*,케이티엔지니어링남양주(OCT),리텐션,관리고객,해지고위험,방문활동,,사전리텐션 방문활동 타겟 알림을 위한 VOC 생성,,>>,,SP,G000605,2025-12-31 10:51:58.0,,,직접입력,,VOC20251231105146256,해당없음,기본서비스,텔레캅아이,ktt OCT 가드(DVR),무선회선,LTE Single KT,,,,1,영업채널본부,리텐션팀,,N,강북/강원본부,남양주지사,,,경기 남양주시 와부읍 율석리 760-9 (검정색 신축 창고),,"100,000",김현돈,37.6118789720494,127.213938080763,경기,남양주시,와부읍,"37.6118789720494,127.213938080763","https://www.google.com/maps?q=37.6118789720494,127.213938080763",길찾기
처리완료,N,30603985.0,51260498.0,61546534,조현*,우천식품(GiGAeyes guard),리텐션,관리고객,해지고위험,방문활동,,사전리텐션 방문활동 타겟 알림을 위한 VOC 생성,,>>,,SP,G000506,2025-12-31 10:51:58.0,,,직접입력,,VOC20251231105146262,해당없음,기본서비스,텔레캅아이,GiGAeyes guard+(NVR),초고속인터넷,TCP-IP(All-IoT),,,,1,영업채널본부,리텐션팀,,N,강북/강원본부,의정부지사,,,경기 포천시 내촌면 음현리 328,,"150,000",김진회,37.7704636717172,127.231945581421,경기,포천시,내촌면,"37.7704636717172,127.231945581421","https://www.google.com/maps?q=37.7704636717172,127.231945581421",길찾기
미접수,N,30562455.0,50914899.0,61097807,이미*,밀레토스학원(DVR뷰),리텐션,관리고객,해지고위험,방문활동,,사전리텐션 방문활동 타겟 알림을 위한 VOC 생성,,>>,,SP,G000601,2025-12-31 10:51:58.0,,,직접입력,,VOC20251231105146266,해당없음,기본서비스,텔레캅아이,ktt GiGAeyes view+(DVR),무회선,로컬운영,,,,1,영업채널본부,리텐션팀,,N,강북/강원본부,남양주지사,,,경기 남양주시 화도읍창현리 731-2 소정빌딩 23층,,"130,000",홍종철,37.6505509895502,127.304351690259,경기,남양주시,화도읍,"37.6505509895502,127.304351690259","https://www.google.com/maps?q=37.6505509895502,127.304351690259",길찾기
처리완료,N,30275549.0,51725522.0,62490373,남상*,심스토리(OCT),리텐션,관리고객,해지고위험,방문활동,,사전리텐션 방문활동 타겟 알림을 위한 VOC 생성,,>>,,SP,G000202,2025-12-31 10:51:58.0,,,직접입력,,VOC20251231105146268,해당없음,기본서비스,텔레캅아이,kt OCT 가드(DVR),초고속인터넷,메인,,,,1,영업채널본부,리텐션팀,,N,강북/강원본부,서대문지사,,,서울 마포구 상암동 2-89,,"86,000",안근영,37.5779080591685,126.895794351831,서울,마포구,상암동,"37.5779080591685,126.895794351831","https://www.google.com/maps?q=37.5779080591685,126.895794351831",길찾기
처리완료,N,30680471.0,51396884.0,61792899,정지*,주성힐스톤아파트,리텐션,관리고객,해지고위험,방문활동,,사전리텐션 방문활동 타겟 알림을 위한 VOC 생성,,>>,,SP,G000105,2025-12-31 10:51:58.0,,,직접입력,,VOC20251231105146270,해당없음,기본서비스,텔레캅아이,ktt GiGAeyes view+(DVR),무회선,로컬운영,,,,1,영업채널본부,리텐션팀,,N,강북/강원본부,강북지사,,,서울 광진구 구의동 664,,"176,000",사공관,37.5433817680657,127.091155037089,서울,광진구,구의동,"37.5433817680657,127.091155037089","https://www.google.com/maps?q=37.5433817680657,127.091155037089",길찾기
처리완료,N,30711522.0,50488999.0,60603651,장문*,다나암요양병원KTOCT,리텐션,관리고객,해지고위험,방문활동,,사전리텐션 방문활동 타겟 알림을 위한 VOC 생성,,>>,,SP,G000604,2025-12-31 10:51:58.0,,,직접입력,,VOC20251231105146274,해당없음,기본서비스,텔레캅아이,kt OCT 뷰(NVR),무회선,로컬운영,,,,1,영업채널본부,리텐션팀,,N,강북/강원본부,남양주지사,,,경기 양평군 강하면 전수리 1016-6번지,,"170,000",이현배,37.497376782293,127.419380603422,경기,양평군,강하면,"37.497376782293,127.419380603422","https://www.google.com/maps?q=37.497376782293,127.419380603422",길찾기
미접수,N,30286431.0,50641762.0,60778649,(주)웰지*,웰지스(OCT),리텐션,관리고객,해지고위험,방문활동,,사전리텐션 방문활동 타겟 알림을 위한 VOC 생성,,>>,,SP,G000601,2025-12-31 10:51:58.0,,,직접입력,,VOC20251231105146276,해당없음,기본서비스,텔레캅아이,ktt OCT 가드(DVR),초고속인터넷,메인,,,,1,영업채널본부,리텐션팀,,N,강북/강원본부,남양주지사,,,경기 남양주시 수동면 입석리 37-12,,"170,000",홍종철,37.6913084347129,127.346453131637,경기,남양주시,수동면,"37.6913084347129,127.346453131637","https://www.google.com/maps?q=37.6913084347129,127.346453131637",길찾기
미접수,N,31004438.0,51619122.0,62262113,강미*,더바다마켓평내점(GiGAeyes guard),리텐션,관리고객,해지고위험,방문활동,,사전리텐션 방문활동 타겟 알림을 위한 VOC 생성,,>>,,SP,G000601,2025-12-31 10:51:58.0,,,직접입력,,VOC20251231105146284,해당없음,기본서비스,텔레캅아이,GiGAeyes guard+(DVR),초고속인터넷,TCP-IP(All-IoT),,,,1,영업채널본부,리텐션팀,,N,강북/강원본부,남양주지사,,,경기 남양주시 평내동 578-1,,"60,000",홍종철,37.6459578783195,127.234391986576,경기,남양주시,평내동,"37.6459578783195,127.234391986576","https://www.google.com/maps?q=37.6459578783195,127.234391986576",길찾기
처리완료,N,30678347.0,51392297.0,61784762,박규*,글로제닉(OCT),리텐션,관리고객,해지고위험,방문활동,,사전리텐션 방문활동 타겟 알림을 위한 VOC 생성,,>>,,SP,G000505,2025-12-31 10:51:58.0,,,직접입력,,VOC20251231105146286,해당없음,기본서비스,텔레캅아이,ktt OCT 가드(NVR),초고속인터넷,메인,,,,1,영업채널본부,리텐션팀,,N,강북/강원본부,의정부지사,,,경기 포천시 군내 484-5,,"320,000",정성록,37.8776149331781,127.202969884617,경기,포천시,,"37.8776149331781,127.202969884617","https://www.google.com/maps?q=37.8776149331781,127.202969884617",길찾기
처리완료,N,116370.0,52335028.0,63700772,신왕*,나라물산,리텐션,관리고객,해지고위험,방문활동,,사전리텐션 방문활동 타겟 알림을 위한 VOC 생성,,>>,,SP,G000405,2025-12-31 10:51:58.0,,,직접입력,,VOC20251231105146290,해당없음,기본서비스,GiGAeyes Basic,GiGAeyes Basic,초고속인터넷,TCP-IP(All-IoT),,,,1,영업채널본부,리텐션팀,,N,강북/강원본부,중앙지사,,,서울 동대문구 전농동 493-2 12층,,"145,000",남기민,37.5767632016643,127.046825122671,서울,동대문구,전농동,"37.5767632016643,127.046825122671","https://www.google.com/maps?q=37.5767632016643,127.046825122671",길찾기
처리완료,N,30540477.0,51125391.0,61356529,(주)ST*,STX-13층(OCT),리텐션,관리고객,해지고위험,방문활동,,사전리텐션 방문활동 타겟 알림을 위한 VOC 생성,,>>,,SP,G000402,2025-12-31 10:51:58.0,,,직접입력,,VOC20251231105146294,해당없음,기본서비스,텔레캅아이,ktt OCT 가드(NVR),무선회선,LTE Single KT,,,,1,영업채널본부,리텐션팀,,N,강북/강원본부,중앙지사,,,서울 중구 수표동 99번지 시그니쳐타워 서관1314층,,"240,000",김병조,37.5675373615258,126.988522366904,서울,중구,수표동,"37.5675373615258,126.988522366904","https://www.google.com/maps?q=37.5675373615258,126.988522366904",길찾기
처리완료,N,30272121.0,50616922.0,60750417,차명*,시온의집_oct뷰D,리텐션,관리고객,해지고위험,방문활동,,사전리텐션 방문활동 타겟 알림을 위한 VOC 생성,,>>,,SP,G000501,2025-12-31 10:51:58.0,,,직접입력,,VOC20251231105146576,해당없음,기본서비스,텔레캅아이,ktt GiGAeyes view+(DVR),무회선,로컬운영,,,,1,영업채널본부,리텐션팀,,N,강북/강원본부,의정부지사,,,경기 의정부시 용현동 390-13,,"134,000",차현갑,37.7370237137811,127.077084071564,경기,의정부시,용현동,"37.7370237137811,127.077084071564","https://www.google.com/maps?q=37.7370237137811,127.077084071564",길찾기
미접수,N,30032785.0,50074750.0,60092228,한일중3국협력사무*,한일중3국협력사무국(OCT),리텐션,관리고객,해지고위험,방문활동,,사전리텐션 방문활동 타겟 알림을 위한 VOC 생성,,>>,,SP,G000401,2025-12-31 10:51:58.0,,,직접입력,,VOC20251231105146578,해당없음,기본서비스,텔레캅아이,ktt OCT 가드(DVR),무선회선,LTE Single KT,,,,1,영업채널본부,리텐션팀,,N,강북/강원본부,중앙지사,,,서울 종로구 신문로1가 세안빌딩 S타워 20층,,"135,000",송민철,,,서울,종로구,,,,
처리완료,N,30907357.0,51809091.0,62663182,주식회사 엘림디엔*,엘림솔트앤빈(GiGAeyes i-guard),리텐션,관리고객,해지고위험,방문활동,,사전리텐션 방문활동 타겟 알림을 위한 VOC 생성,,>>,,SP,G000301,2025-12-31 10:51:58.0,,,직접입력,,VOC20251231105146584,해당없음,기본서비스,텔레캅아이,GiGAeyes i-guard,초고속인터넷,TCP-IP(All-IoT),,,,1,영업채널본부,리텐션팀,,N,강북/강원본부,고양지사,,,경기 고양시 덕양구 효자동 139-1,,"135,000",최우석,37.6614627338786,126.949485403187,경기,고양시,효자동,"37.6614627338786,126.949485403187","https://www.google.com/maps?q=37.6614627338786,126.949485403187",길찾기
처리완료,N,30934780.0,51614372.0,62251768,이기*,자연애땅애(OCT),리텐션,관리고객,해지고위험,방문활동,,사전리텐션 방문활동 타겟 알림을 위한 VOC 생성,,>>,,SP,G000505,2025-12-31 10:51:58.0,,,직접입력,,VOC20251231105146590,해당없음,기본서비스,텔레캅아이,ktt OCT 가드(NVR),초고속인터넷,메인,,,,1,영업채널본부,리텐션팀,,N,강북/강원본부,의정부지사,,,경기 포천시 군내면 상성북리 293-4,,"132,000",정성록,37.893351223443,127.233800716072,경기,포천시,군내면,"37.893351223443,127.233800716072","https://www.google.com/maps?q=37.893351223443,127.233800716072",길찾기
처리완료,N,30598980.0,51242063.0,61522635,전상*,뉴코스코마트(OCT),리텐션,관리고객,해지고위험,방문활동,,사전리텐션 방문활동 타겟 알림을 위한 VOC 생성,,>>,,SP,G000405,2025-12-31 10:51:58.0,,,직접입력,,VOC20251231105146594,해당없음,기본서비스,텔레캅아이,ktt OCT 가드(NVR),초고속인터넷,메인,,,,1,영업채널본부,리텐션팀,,N,강북/강원본부,중앙지사,,,서울 동대문구 장안동 331-12번지 1층,,"132,000",남기민,37.5726706696853,127.074434950296,서울,동대문구,장안동,"37.5726706696853,127.074434950296","https://www.google.com/maps?q=37.5726706696853,127.074434950296",길찾기
처리완료,N,30798842.0,50887129.0,61063869,문정*,보성농장1호태양광발전소gigaeyes,리텐션,관리고객,해지고위험,방문활동,,사전리텐션 방문활동 타겟 알림을 위한 VOC 생성,,>>,,SP,G000604,2025-12-31 10:51:58.0,,,직접입력,,VOC20251231105146596,해당없음,기본서비스,텔레캅아이,ktt GiGAeyes view+(DVR),무회선,로컬운영,,,,1,영업채널본부,리텐션팀,,N,강북/강원본부,남양주지사,,,경기 양평군 개군면 계전리  159-10번지,,"131,000",이현배,37.4177289748871,127.582882671831,경기,양평군,개군면,"37.4177289748871,127.582882671831","https://www.google.com/maps?q=37.4177289748871,127.582882671831",길찾기
처리완료,N,30888163.0,51774633.0,62589604,주식회사 시스*,시스펜(GiGAeyes guard),리텐션,관리고객,해지고위험,방문활동,,사전리텐션 방문활동 타겟 알림을 위한 VOC 생성,,>>,,SP,G000402,2025-12-31 10:51:58.0,,,직접입력,,VOC20251231105146598,해당없음,기본서비스,텔레캅아이,GiGAeyes guard+(NVR),초고속인터넷,TCP-IP(All-IoT),,,,1,영업채널본부,리텐션팀,,N,강북/강원본부,중앙지사,,,서울 중구 묵정동 25-17번지 건물,,"131,000",김병조,37.5608078321637,127.00111280018,서울,중구,묵정동,"37.5608078321637,127.00111280018","https://www.google.com/maps?q=37.5608078321637,127.00111280018",길찾기
접수,N,30484800.0,51013637.0,61210709,함영*,보보호텔(NVR뷰),리텐션,관리고객,해지고위험,방문활동,,사전리텐션 방문활동 타겟 알림을 위한 VOC 생성,,>>,,SP,G000205,2025-12-31 10:51:58.0,,,직접입력,,VOC20251231105146602,해당없음,기본서비스,텔레캅아이,ktt GiGAeyes view+(NVR),무회선,로컬운영,,,,1,영업채널본부,리텐션팀,,N,강북/강원본부,서대문지사,,,서울 마포구 서교동  373-1 번지,,"155,000",안수호,37.5523189580325,126.918202288551,서울,마포구,서교동,"37.5523189580325,126.918202288551","https://www.google.com/maps?q=37.5523189580325,126.918202288551",길찾기
처리완료,N,30893095.0,51783167.0,62608277,박명*,덕성농장주식회사(GiGAeyes i-guard),리텐션,관리고객,해지고위험,방문활동,,사전리텐션 방문활동 타겟 알림을 위한 VOC 생성,,>>,,SP,G000309,2025-12-31 10:51:58.0,,,직접입력,,VOC20251231105146604,해당없음,기본서비스,텔레캅아이,GiGAeyes i-guard,초고속인터넷,TCP-IP(All-IoT),,,,1,영업채널본부,리텐션팀,,N,강북/강원본부,고양지사,,,경기 파주시 발랑리 발랑리 258-8번지 덕성농장,,"155,000",조현웅,37.7974526726992,126.893709117044,경기,파주시,,"37.7974526726992,126.893709117044","https://www.google.com/maps?q=37.7974526726992,126.893709117044",길찾기
미접수,N,30433521.0,50934999.0,61121257,대윤건업(주*,대윤건업,리텐션,관리고객,해지고위험,방문활동,,사전리텐션 방문활동 타겟 알림을 위한 VOC 생성,,>>,,SP,G000401,2025-12-31 10:51:58.0,,,직접입력,,VOC20251231105146606,해당없음,기본서비스,텔레캅아이,GiGAeyes guard+(DVR),무선회선,NB-IOT,,,,1,영업채널본부,리텐션팀,,N,강북/강원본부,중앙지사,,,서울 중구 남창동 46-16 대윤건업4층,,"155,000",송민철,37.5589800624027,126.978296625898,서울,중구,남창동,"37.5589800624027,126.978296625898","https://www.google.com/maps?q=37.5589800624027,126.978296625898",길찾기
접수,N,30542230.0,51128711.0,61360779,정민*,진웅케미칼(OCT),리텐션,관리고객,해지고위험,방문활동,,사전리텐션 방문활동 타겟 알림을 위한 VOC 생성,,>>,,SP,G000502,2025-12-31 10:51:58.0,,,직접입력,,VOC20251231105146612,해당없음,기본서비스,텔레캅아이,ktt OCT 가드(NVR),초고속인터넷,메인,,,,1,영업채널본부,리텐션팀,,N,강북/강원본부,의정부지사,,,경기 양주시 광적면 가납리 201,,"154,000",김주택,37.8331542136168,126.998421353055,경기,양주시,광적면,"37.8331542136168,126.998421353055","https://www.google.com/maps?q=37.8331542136168,126.998421353055",길찾기
처리완료,N,30603477.0,51259091.0,61544460,정주*,한사랑요양병원,리텐션,관리고객,해지고위험,방문활동,,사전리텐션 방문활동 타겟 알림을 위한 VOC 생성,,>>,,SP,G000304,2025-12-31 10:51:58.0,,,직접입력,,VOC20251231105146626,해당없음,기본서비스,텔레캅아이,ktt GiGAeyes view+(NVR),무회선,로컬운영,,,,1,영업채널본부,리텐션팀,,N,강북/강원본부,고양지사,,,경기 파주시 파주읍 봉서리 349,,"152,500",성형래,37.8479497213591,126.790384432162,경기,파주시,파주읍,"37.8479497213591,126.790384432162","https://www.google.com/maps?q=37.8479497213591,126.790384432162",길찾기
처리완료,N,30850949.0,51156942.0,61399218,이완*,일산전기(OCT),리텐션,관리고객,해지고위험,방문활동,,사전리텐션 방문활동 타겟 알림을 위한 VOC 생성,,>>,,SP,G000604,2025-12-31 10:51:58.0,,,직접입력,,VOC20251231105146632,해당없음,기본서비스,텔레캅아이,ktt OCT 가드(DVR),초고속인터넷,메인,,,,1,영업채널본부,리텐션팀,,N,강북/강원본부,남양주지사,,,경기 양평군 강하면 동오리 509-23,,"90,000",이현배,37.4593614329262,127.389704837873,경기,양평군,강하면,"37.4593614329262,127.389704837873","https://www.google.com/maps?q=37.4593614329262,127.389704837873",길찾기
처리완료,N,30590720.0,51222971.0,61495474,전산프라*,아이티나인(OCT),리텐션,관리고객,해지고위험,방문활동,,사전리텐션 방문활동 타겟 알림을 위한 VOC 생성,,>>,,SP,G000308,2025-12-31 10:51:58.0,,,직접입력,,VOC20251231105146636,해당없음,기본서비스,텔레캅아이,ktt OCT 가드(NVR),초고속인터넷,메인,,,,1,영업채널본부,리텐션팀,,N,강북/강원본부,고양지사,,,경기 고양시 일산서구 구산동 182,,"150,000",강민수,,,경기,고양시,구산동,,,
처리완료,N,30577567.0,51995358.0,63062454,글로벌소프트웨어캠퍼스주식회*,신촌센터,리텐션,관리고객,해지고위험,방문활동,,사전리텐션 방문활동 타겟 알림을 위한 VOC 생성,,>>,,SP,G000203,2025-12-31 10:51:58.0,,,직접입력,,VOC20251231105146296,해당없음,기본서비스,텔레캅아이,GiGAeyes guard+(DVR),초고속인터넷,TCP-IP(All-IoT),,,,1,영업채널본부,리텐션팀,,N,강북/강원본부,서대문지사,,,서울 서대문구 창천동 18-29 VERTIGO 11층,,"130,000",최용호,37.5563111124981,126.937208209146,서울,서대문구,창천동,"37.5563111124981,126.937208209146","https://www.google.com/maps?q=37.5563111124981,126.937208209146",길찾기
미접수,N,30973925.0,51417570.0,61835394,양원*,사트레봉북한강점(GiGAeyes guard),리텐션,관리고객,해지고위험,방문활동,,사전리텐션 방문활동 타겟 알림을 위한 VOC 생성,,>>,,SP,G000601,2025-12-31 10:51:58.0,,,직접입력,,VOC20251231105146300,해당없음,기본서비스,텔레캅아이,GiGAeyes guard+(DVR),초고속인터넷,TCP-IP(All-IoT),,,,1,영업채널본부,리텐션팀,,N,강북/강원본부,남양주지사,,,경기 남양주시 화도읍 금남리 758 (카페동),,"125,000",홍종철,37.6162604689088,127.339032703168,경기,남양주시,화도읍,"37.6162604689088,127.339032703168","https://www.google.com/maps?q=37.6162604689088,127.339032703168",길찾기
접수,N,30260965.0,50381602.0,60467681,서영*,스마트루첸,리텐션,관리고객,해지고위험,방문활동,,사전리텐션 방문활동 타겟 알림을 위한 VOC 생성,,>>,,SP,G000106,2025-12-31 10:51:58.0,,,직접입력,,VOC20251231105146302,해당없음,기본서비스,GiGAeyes Basic,GiGAeyes Basic,무선회선,WCDMA,,,,1,영업채널본부,리텐션팀,,N,강북/강원본부,강북지사,,,서울 성동구 성수동2가 840번지,,"105,000",김형선,37.5372338265677,127.059100701781,서울,성동구,성동,"37.5372338265677,127.059100701781","https://www.google.com/maps?q=37.5372338265677,127.059100701781",길찾기
접수,N,30603034.0,51333552.0,61664225,(주)GS포천그린에너*,(주)GS포천그린에너지4(뷰)-운용,리텐션,관리고객,해지고위험,방문활동,,사전리텐션 방문활동 타겟 알림을 위한 VOC 생성,,>>,,SP,G000505,2025-12-31 10:51:58.0,,,직접입력,,VOC20251231105146304,해당없음,기본서비스,텔레캅아이,ktt GiGAeyes view+(NVR),무회선,로컬운영,,,,1,영업채널본부,리텐션팀,,N,강북/강원본부,의정부지사,,,경기 포천시 신북면 신평리 661 (1층운용부),,"94,000",정성록,37.9585446622143,127.232320085862,경기,포천시,신북면,"37.9585446622143,127.232320085862","https://www.google.com/maps?q=37.9585446622143,127.232320085862",길찾기
처리완료,N,30681676.0,51398306.0,61795680,예스에이피엠관리*,예스에이피엠관리단(GiGAeyes guard),리텐션,관리고객,해지고위험,방문활동,,사전리텐션 방문활동 타겟 알림을 위한 VOC 생성,,>>,,SP,G000203,2025-12-31 10:51:58.0,,,직접입력,,VOC20251231105146312,해당없음,기본서비스,텔레캅아이,GiGAeyes guard+(NVR),초고속인터넷,TCP-IP(All-IoT),,,,1,영업채널본부,리텐션팀,,N,강북/강원본부,서대문지사,,,서울 서대문구 신촌동 서울 서대문구 이화여대1길 10 예스에이피엠  관리단,,"300,000",최용호,37.5576463618721,126.944912043171,서울,서대문구,신촌동,"37.5576463618721,126.944912043171","https://www.google.com/maps?q=37.5576463618721,126.944912043171",길찾기
처리완료,N,30543951.0,51130664.0,61363172,(주)연신개*,연신개발(OCT뷰),리텐션,관리고객,해지고위험,방문활동,,사전리텐션 방문활동 타겟 알림을 위한 VOC 생성,,>>,,SP,G000201,2025-12-31 10:51:58.0,,,직접입력,,VOC20251231105146314,해당없음,기본서비스,텔레캅아이,ktt GiGAeyes view+(DVR),무회선,로컬운영,,,,1,영업채널본부,리텐션팀,,N,강북/강원본부,서대문지사,,,서울 은평구 불광동 484-10,,"110,000",유범식,37.6224921261717,126.920303964656,서울,은평구,불광동,"37.6224921261717,126.920303964656","https://www.google.com/maps?q=37.6224921261717,126.920303964656",길찾기
접수,N,30543951.0,51130099.0,61362463,(주)연신개*,장흥한옥수영장(OCT),리텐션,관리고객,해지고위험,방문활동,,사전리텐션 방문활동 타겟 알림을 위한 VOC 생성,,>>,,SP,G000502,2025-12-31 10:51:58.0,,,직접입력,,VOC20251231105146318,해당없음,기본서비스,텔레캅아이,ktt OCT 가드(DVR),초고속인터넷,메인,,,,1,영업채널본부,리텐션팀,,N,강북/강원본부,의정부지사,,,경기 양주시 장흥면 석현리 352-2,,"70,000",김주택,37.7395358598995,126.958766404771,경기,양주시,장흥면,"37.7395358598995,126.958766404771","https://www.google.com/maps?q=37.7395358598995,126.958766404771",길찾기
처리완료,N,25800.0,50424883.0,60524994,새마을금고(장영수*,새마을금고-한강로3가(365코너),리텐션,관리고객,해지고위험,방문활동,,사전리텐션 방문활동 타겟 알림을 위한 VOC 생성,,>>,,SP,G000403,2025-12-31 10:51:58.0,,,직접입력,,VOC20251231105146322,해당없음,기본서비스,GiGAeyes Basic,GiGAeyes Basic,무선회선,LTE Dual KT,,,,1,영업채널본부,리텐션팀,,N,강북/강원본부,중앙지사,,,서울 용산구 한강로3가 65-159,,"150,000",오광훈,37.5247629420868,126.965012424367,서울,용산구,,"37.5247629420868,126.965012424367","https://www.google.com/maps?q=37.5247629420868,126.965012424367",길찾기
처리완료,N,30129671.0,50316236.0,60387970,박필*,한국천문연구원사무동(OCT),리텐션,관리고객,해지고위험,방문활동,,사전리텐션 방문활동 타겟 알림을 위한 VOC 생성,,>>,,SP,G000203,2025-12-31 10:51:58.0,,,직접입력,,VOC20251231105146324,해당없음,기본서비스,텔레캅아이,ktt OCT 가드(NVR),무선회선,LTE Single KT,,,,1,영업채널본부,리텐션팀,,N,강북/강원본부,서대문지사,,,서울 서대문구 신촌동 연세대학교내 134,,"175,000",최용호,,,서울,서대문구,신촌동,,,
처리완료,N,30131991.0,50321888.0,60395074,김완*,플러스유(OCT),리텐션,관리고객,해지고위험,방문활동,,사전리텐션 방문활동 타겟 알림을 위한 VOC 생성,,>>,,SP,G000202,2025-12-31 10:51:58.0,,,직접입력,,VOC20251231105146326,해당없음,기본서비스,텔레캅아이,ktt OCT 가드(NVR),무선회선,LTE Single KT,,,,1,영업채널본부,리텐션팀,,N,강북/강원본부,서대문지사,,,서울 서대문구 남가좌동 343-50,,"150,000",안근영,37.5784522514391,126.922608750814,서울,서대문구,남가좌동,"37.5784522514391,126.922608750814","https://www.google.com/maps?q=37.5784522514391,126.922608750814",길찾기
처리완료,N,30890292.0,51778330.0,62597717,최성*,마포공덕튼튼본정형외과(GiGAeyes guard),리텐션,관리고객,해지고위험,방문활동,,사전리텐션 방문활동 타겟 알림을 위한 VOC 생성,,>>,,SP,G000204,2025-12-31 10:51:58.0,,,직접입력,,VOC20251231105146330,해당없음,기본서비스,텔레캅아이,GiGAeyes guard+(DVR),초고속인터넷,TCP-IP(All-IoT),,,,1,영업채널본부,리텐션팀,,N,강북/강원본부,서대문지사,,,서울 마포구 도화동 25-13번지 효성해링턴타워 b동 2층,,"140,000",우동주,37.5430172635213,126.951170977105,서울,마포구,도화동,"37.5430172635213,126.951170977105","https://www.google.com/maps?q=37.5430172635213,126.951170977105",길찾기
처리완료,N,30415569.0,50899865.0,61079463,정창*,나일관리(OCT),리텐션,관리고객,해지고위험,방문활동,,사전리텐션 방문활동 타겟 알림을 위한 VOC 생성,,>>,,SP,G000501,2025-12-31 10:51:58.0,,,직접입력,,VOC20251231105146332,해당없음,기본서비스,텔레캅아이,ktt OCT 가드(NVR),무선회선,LTE-M,,,,1,영업채널본부,리텐션팀,,N,강북/강원본부,의정부지사,,,경기 의정부시 의정부동 평화로443/승윤노블리안시티,,"296,000",차현갑,37.7316259561766,127.047727673598,경기,의정부시,의정부동,"37.7316259561766,127.047727673598","https://www.google.com/maps?q=37.7316259561766,127.047727673598",길찾기
접수,N,30091086.0,51982526.0,63036446,심기*,해뜨는덕소주유소(GiGAeyes guard),리텐션,관리고객,해지고위험,방문활동,,사전리텐션 방문활동 타겟 알림을 위한 VOC 생성,,>>,,SP,G000605,2025-12-31 10:51:58.0,,,직접입력,,VOC20251231105146340,해당없음,기본서비스,텔레캅아이,GiGAeyes guard+(DVR),초고속인터넷,TCP-IP(All-IoT),,,,1,영업채널본부,리텐션팀,,N,강북/강원본부,남양주지사,,,경기 남양주시 와부읍월문리 507-4,,"64,000",김현돈,37.5998217565655,127.24355552584,경기,남양주시,와부읍,"37.5998217565655,127.24355552584","https://www.google.com/maps?q=37.5998217565655,127.24355552584",길찾기
처리완료,N,31018128.0,52014337.0,63103348,이주*,대한노인회 포천시지회,리텐션,관리고객,해지고위험,방문활동,,사전리텐션 방문활동 타겟 알림을 위한 VOC 생성,,>>,,SP,G000506,2025-12-31 10:51:58.0,,,직접입력,,VOC20251231105146342,해당없음,기본서비스,텔레캅아이,GiGAeyes i-slim (ktt)(2210),초고속인터넷,TCP-IP(All-IoT),,,,1,영업채널본부,리텐션팀,,N,강북/강원본부,의정부지사,,,경기 포천시 일동면 사직리 265 사직2리 경로당,,"37,000",김진회,37.994347701413,127.35322533877,경기,포천시,일동면,"37.994347701413,127.35322533877","https://www.google.com/maps?q=37.994347701413,127.35322533877",길찾기
접수,N,30199051.0,51237562.0,61516175,한양아이클래스관리*,한양아이클래스-2,리텐션,관리고객,해지고위험,방문활동,,사전리텐션 방문활동 타겟 알림을 위한 VOC 생성,,>>,,SP,G000408,2025-12-31 10:51:58.0,,,직접입력,,VOC20251231105146344,해당없음,기본서비스,텔레캅아이,ktt GiGAeyes view+(DVR),무회선,로컬운영,,,,1,영업채널본부,리텐션팀,,N,강북/강원본부,중앙지사,,,서울 동대문구 용두동 112-8번지 한양아이클래스 건물전체,,"210,000",김윤정,37.5777193189866,127.031373071948,서울,동대문구,용두동,"37.5777193189866,127.031373071948","https://www.google.com/maps?q=37.5777193189866,127.031373071948",길찾기
처리완료,N,30074737.0,51720663.0,62480557,(주)에이치케이건축사사무*,에이치케이건축사사무소,리텐션,관리고객,해지고위험,방문활동,,사전리텐션 방문활동 타겟 알림을 위한 VOC 생성,,>>,,SP,G000402,2025-12-31 10:51:58.0,,,직접입력,,VOC20251231105146346,해당없음,기본서비스,GiGAeyes Basic,GiGAeyes Basic,초고속인터넷,TCP-IP(All-IoT),,,,1,영업채널본부,리텐션팀,,N,강북/강원본부,중앙지사,,,서울 종로구 관철동 11-19,,"70,000",김병조,37.5687231130091,126.986367547795,서울,종로구,관철동,"37.5687231130091,126.986367547795","https://www.google.com/maps?q=37.5687231130091,126.986367547795",길찾기
미접수,N,31118368.0,52146198.0,63311201,부르뎅아동복상가운영*,부르뎅아동복상가운영회,리텐션,관리고객,해지고위험,방문활동,,사전리텐션 방문활동 타겟 알림을 위한 VOC 생성,,>>,,SP,G000401,2025-12-31 10:51:58.0,,,직접입력,,VOC20251231105146350,해당없음,기본서비스,텔레캅아이,GiGAeyes i-special,초고속인터넷,TCP-IP(All-IoT),,,,1,영업채널본부,리텐션팀,,N,강북/강원본부,중앙지사,,,서울 중구 남창동  31-11 3층,,"448,800",송민철,37.559917308594,126.978455485287,서울,중구,남창동,"37.559917308594,126.978455485287","https://www.google.com/maps?q=37.559917308594,126.978455485287",길찾기
처리완료,N,31044896.0,51844318.0,62740592,신영*,신촌헤리센트아현역,리텐션,관리고객,해지고위험,방문활동,,사전리텐션 방문활동 타겟 알림을 위한 VOC 생성,,>>,,SP,G000204,2025-12-31 10:51:58.0,,,직접입력,,VOC20251231105146354,해당없음,기본서비스,텔레캅아이,GiGAeyes guard+(DVR),초고속인터넷,TCP-IP(All-IoT),,,,1,영업채널본부,리텐션팀,,N,강북/강원본부,서대문지사,,,서울 서대문구 북아현동 998,,"90,000",우동주,37.5578417700217,126.957766426342,서울,서대문구,북아현동,"37.5578417700217,126.957766426342","https://www.google.com/maps?q=37.5578417700217,126.957766426342",길찾기
처리완료,N,325175.0,20450648.0,20450648,박영*,다송(OCT),리텐션,관리고객,해지고위험,방문활동,,사전리텐션 방문활동 타겟 알림을 위한 VOC 생성,,>>,,SP,G000602,2025-12-31 10:51:58.0,,,직접입력,,VOC20251231105146360,해당없음,기본서비스,텔레캅아이,ktt OCT 가드(DVR),초고속인터넷,메인,,,,1,영업채널본부,리텐션팀,,N,강북/강원본부,남양주지사,,,경기 남양주시 오남읍 오남리 2-1,,"185,000",조형근,37.6973553471927,127.222575230161,경기,남양주시,오남읍,"37.6973553471927,127.222575230161","https://www.google.com/maps?q=37.6973553471927,127.222575230161",길찾기
처리완료,N,30473994.0,51343874.0,61683792,정정*,정중한에프앤비(GiGAeyes guard),리텐션,관리고객,해지고위험,방문활동,,사전리텐션 방문활동 타겟 알림을 위한 VOC 생성,,>>,,SP,G000603,2025-12-31 10:51:58.0,,,직접입력,,VOC20251231105146364,해당없음,기본서비스,텔레캅아이,GiGAeyes guard+(DVR),초고속인터넷,TCP-IP(All-IoT),,,,1,영업채널본부,리텐션팀,,N,강북/강원본부,남양주지사,,,경기 구리시 아천동 90-5,,"147,000",원동현,37.5740960538963,127.120036889048,경기,구리시,아천동,"37.5740960538963,127.120036889048","https://www.google.com/maps?q=37.5740960538963,127.120036889048",길찾기
처리완료,N,30139396.0,51976730.0,63023637,한신비엠(주)트레지오*,한신비엠트레지오점-지하1층,리텐션,관리고객,해지고위험,방문활동,,사전리텐션 방문활동 타겟 알림을 위한 VOC 생성,,>>,,SP,G000103,2025-12-31 10:51:58.0,,,직접입력,,VOC20251231105146366,해당없음,기본서비스,GiGAeyes Basic,GiGAeyes Basic,무선회선,LTE Single KT,,,,1,영업채널본부,리텐션팀,,N,강북/강원본부,강북지사,,,서울 강북구 미아동 35-4 전층,,"378,255",김의겸,37.612056641358,127.030715298309,서울,강북구,미아동,"37.612056641358,127.030715298309","https://www.google.com/maps?q=37.612056641358,127.030715298309",길찾기
접수,N,30472621.0,51787617.0,62616933,이건*,태웅산업개발주식회사-기계동(GiGAeyes guard),리텐션,관리고객,해지고위험,방문활동,,사전리텐션 방문활동 타겟 알림을 위한 VOC 생성,,>>,,SP,G000504,2025-12-31 10:51:58.0,,,직접입력,,VOC20251231105146368,해당없음,기본서비스,텔레캅아이,GiGAeyes guard+(NVR),초고속인터넷,TCP-IP(All-IoT),,,,1,영업채널본부,리텐션팀,,N,강북/강원본부,의정부지사,,,경기 연천군 전곡읍 늘목리 늘목리 309,,"180,000",김민수,37.969583827353,127.006386800251,경기,연천군,전곡읍,"37.969583827353,127.006386800251","https://www.google.com/maps?q=37.969583827353,127.006386800251",길찾기
접수,N,156899.0,52096605.0,63256203,백승*,주식회사 신진,리텐션,관리고객,해지고위험,방문활동,,사전리텐션 방문활동 타겟 알림을 위한 VOC 생성,,>>,,SP,G000504,2025-12-31 10:51:58.0,,,직접입력,,VOC20251231105146650,해당없음,기본서비스,텔레캅아이,ktt GiGAeyes view+(NVR),무회선,로컬운영,,,,1,영업채널본부,리텐션팀,,N,강북/강원본부,의정부지사,,,경기 동두천시 상패동 284-4,,"150,000",김민수,37.901083179898,127.042358691436,경기,동두천시,상패동,"37.901083179898,127.042358691436","https://www.google.com/maps?q=37.901083179898,127.042358691436",길찾기
접수,N,30825186.0,51655751.0,62342235,경성산업관리(주*,경성산업-킴스아파트,리텐션,관리고객,해지고위험,방문활동,,사전리텐션 방문활동 타겟 알림을 위한 VOC 생성,,>>,,SP,G000104,2025-12-31 10:51:58.0,,,직접입력,,VOC20251231105146654,해당없음,기본서비스,GiGAeyes Basic,GiGAeyes Basic,초고속인터넷,TCP-IP(All-IoT),,,,1,영업채널본부,리텐션팀,,N,강북/강원본부,강북지사,,,서울 중랑구 면목동 126-1  킴스아파트 1층,,"50,000",김태규,37.5902091383725,127.086710027773,서울,중랑구,면목동,"37.5902091383725,127.086710027773","https://www.google.com/maps?q=37.5902091383725,127.086710027773",길찾기
접수,N,30790223.0,51595756.0,62210954,고진*,정원산책요양원(GiGAeyes guard),리텐션,관리고객,해지고위험,방문활동,,사전리텐션 방문활동 타겟 알림을 위한 VOC 생성,,>>,,SP,G000502,2025-12-31 10:51:58.0,,,직접입력,,VOC20251231105146658,해당없음,기본서비스,텔레캅아이,GiGAeyes guard+(NVR),초고속인터넷,TCP-IP(All-IoT),,,,1,영업채널본부,리텐션팀,,N,강북/강원본부,의정부지사,,,경기 양주시 백석읍 복지리 147-2,,"420,000",김주택,37.7894698758195,126.993025893124,경기,양주시,백석읍,"37.7894698758195,126.993025893124","https://www.google.com/maps?q=37.7894698758195,126.993025893124",길찾기
접수,N,30439587.0,51282904.0,61578878,주식회사 청도프린*,청도빌딩2층,리텐션,관리고객,해지고위험,방문활동,,사전리텐션 방문활동 타겟 알림을 위한 VOC 생성,,>>,,SP,G000408,2025-12-31 10:51:58.0,,,직접입력,,VOC20251231105146662,해당없음,기본서비스,텔레캅아이,GiGAeyes guard+(DVR),초고속인터넷,TCP-IP(All-IoT),,,,1,영업채널본부,리텐션팀,,N,강북/강원본부,중앙지사,,,서울 종로구 이화동 209-1 청도빌딩2층,,"97,000",김윤정,37.5758638868771,127.003024025141,서울,종로구,이화동,"37.5758638868771,127.003024025141","https://www.google.com/maps?q=37.5758638868771,127.003024025141",길찾기
미접수,N,30835930.0,51922758.0,62908903,(주)코리아나호*,코리아나호텔(OCT),리텐션,관리고객,해지고위험,방문활동,,사전리텐션 방문활동 타겟 알림을 위한 VOC 생성,,>>,,SP,G000401,2025-12-31 10:51:58.0,,,직접입력,,VOC20251231105146664,해당없음,기본서비스,텔레캅아이,ktt OCT 가드(NVR),무선회선,LTE Single KT,,,,1,영업채널본부,리텐션팀,,N,강북/강원본부,중앙지사,,,서울 중구 태평로1가 61-1 코리아나호텔,,"530,000",송민철,37.5683019063811,126.97664583425,서울,중구,,"37.5683019063811,126.97664583425","https://www.google.com/maps?q=37.5683019063811,126.97664583425",길찾기
처리완료,N,30477711.0,51127486.0,61359331,(주)에프엠제이인터내셔*,에프엠제이인터네셔날3창고A~C동(OCT),리텐션,관리고객,해지고위험,방문활동,,사전리텐션 방문활동 타겟 알림을 위한 VOC 생성,,>>,,SP,G000601,2025-12-31 10:51:58.0,,,직접입력,,VOC20251231105146668,해당없음,기본서비스,텔레캅아이,ktt OCT 가드(DVR),초고속인터넷,메인,,,,1,영업채널본부,리텐션팀,,N,강북/강원본부,남양주지사,,,경기 남양주시 화도읍 창현리 1-2번지,,"180,000",홍종철,37.6331101942347,127.3317775296,경기,남양주시,화도읍,"37.6331101942347,127.3317775296","https://www.google.com/maps?q=37.6331101942347,127.3317775296",길찾기
처리완료,N,30030758.0,20453769.0,20453769,강일*,에프엠제이인터내셔날(OCT),리텐션,관리고객,해지고위험,방문활동,,사전리텐션 방문활동 타겟 알림을 위한 VOC 생성,,>>,,SP,G000405,2025-12-31 10:51:58.0,,,직접입력,,VOC20251231105146670,해당없음,기본서비스,텔레캅아이,ktt OCT 가드(NVR),무선회선,MVNO,,,,1,영업채널본부,리텐션팀,,N,강북/강원본부,중앙지사,,,서울 동대문구 장안동 92-2,,"150,000",남기민,37.5793901754517,127.07125456344,서울,동대문구,장안동,"37.5793901754517,127.07125456344","https://www.google.com/maps?q=37.5793901754517,127.07125456344",길찾기
접수,N,30818774.0,51807161.0,62659204,이승*,삼원환경(GiGAeyes guard),리텐션,관리고객,해지고위험,방문활동,,사전리텐션 방문활동 타겟 알림을 위한 VOC 생성,,>>,,SP,G000505,2025-12-31 10:51:58.0,,,직접입력,,VOC20251231105146674,해당없음,기본서비스,텔레캅아이,GiGAeyes guard+(NVR),초고속인터넷,TCP-IP(All-IoT),,,,1,영업채널본부,리텐션팀,,N,강북/강원본부,의정부지사,,,경기 포천시 신평리 188-4번지,,"100,000",정성록,37.9512239393796,127.230624954394,경기,포천시,,"37.9512239393796,127.230624954394","https://www.google.com/maps?q=37.9512239393796,127.230624954394",길찾기
처리완료,N,30526127.0,51099356.0,61322699,황의*,별내가방유통단지B동(OCT),리텐션,관리고객,해지고위험,방문활동,,사전리텐션 방문활동 타겟 알림을 위한 VOC 생성,,>>,,SP,G000602,2025-12-31 10:51:58.0,,,직접입력,,VOC20251231105146676,해당없음,기본서비스,텔레캅아이,ktt OCT 가드(DVR),무선회선,LTE Single KT,,,,1,영업채널본부,리텐션팀,,N,강북/강원본부,남양주지사,,,경기 남양주시 별내동 성산로 123B동,,"470,000",조형근,,,경기,남양주시,별내동,,,
처리완료,N,31030717.0,52037625.0,63152493,티디에이치컴퍼*,티디에이치컴퍼니남양주A동창고(GiGAeyes guard),리텐션,관리고객,해지고위험,방문활동,,사전리텐션 방문활동 타겟 알림을 위한 VOC 생성,,>>,,SP,G000602,2025-12-31 10:51:58.0,,,직접입력,,VOC20251231105146678,해당없음,기본서비스,텔레캅아이,GiGAeyes guard+(NVR),초고속인터넷,TCP-IP(All-IoT),,,,1,영업채널본부,리텐션팀,,N,강북/강원본부,남양주지사,,,경기 남양주시 진접읍 진벌리 창고 a동,,"190,000",조형근,,,경기,남양주시,진접읍,,,
접수,N,30630036.0,51431135.0,61863627,동대*,동방스타빌(giga-뷰),리텐션,관리고객,해지고위험,방문활동,,사전리텐션 방문활동 타겟 알림을 위한 VOC 생성,,>>,,SP,G000504,2025-12-31 10:51:58.0,,,직접입력,,VOC20251231105146682,해당없음,기본서비스,텔레캅아이,ktt GiGAeyes view+(DVR),무회선,로컬운영,,,,1,영업채널본부,리텐션팀,,N,강북/강원본부,의정부지사,,,경기 동두천시 생연동 644-10번지,,"60,000",김민수,37.9054434412018,127.056031647058,경기,동두천시,생연동,"37.9054434412018,127.056031647058","https://www.google.com/maps?q=37.9054434412018,127.056031647058",길찾기
접수,N,30160812.0,51588945.0,62195777,전채*,대광콘크리트(GiGAeyes guard),리텐션,관리고객,해지고위험,방문활동,,사전리텐션 방문활동 타겟 알림을 위한 VOC 생성,,>>,,SP,G000504,2025-12-31 10:51:58.0,,,직접입력,,VOC20251231105146684,해당없음,기본서비스,텔레캅아이,GiGAeyes guard+(NVR),초고속인터넷,TCP-IP(All-IoT),,,,1,영업채널본부,리텐션팀,,N,강북/강원본부,의정부지사,,,경기 양주시 하패리 하패리 959번지,,"200,000",김민수,37.8855632847718,127.019987092368,경기,양주시,,"37.8855632847718,127.019987092368","https://www.google.com/maps?q=37.8855632847718,127.019987092368",길찾기
처리완료,N,30630036.0,51515826.0,62041462,동대*,한강지오빌(GiGAeyes guard),리텐션,관리고객,해지고위험,방문활동,,사전리텐션 방문활동 타겟 알림을 위한 VOC 생성,,>>,,SP,G000202,2025-12-31 10:51:58.0,,,직접입력,,VOC20251231105146686,해당없음,기본서비스,텔레캅아이,GiGAeyes guard+(DVR),초고속인터넷,TCP-IP(All-IoT),,,,1,영업채널본부,리텐션팀,,N,강북/강원본부,서대문지사,,,서울 마포구 성산동 240-18,,"65,000",안근영,37.5589078103625,126.914691983519,서울,마포구,성산동,"37.5589078103625,126.914691983519","https://www.google.com/maps?q=37.5589078103625,126.914691983519",길찾기
미접수,N,30630036.0,51426970.0,61855085,동대*,북한산팰리스_(주)동대표,리텐션,관리고객,해지고위험,방문활동,,사전리텐션 방문활동 타겟 알림을 위한 VOC 생성,,>>,,SP,G000102,2025-12-31 10:51:58.0,,,직접입력,,VOC20251231105146690,해당없음,기본서비스,텔레캅아이,ktt GiGAeyes view+(DVR),무회선,로컬운영,,,,1,영업채널본부,리텐션팀,,N,강북/강원본부,강북지사,,,서울 도봉구 창동 609-40번지,,"35,000",성진수,37.6439677333693,127.038551977209,서울,도봉구,창동,"37.6439677333693,127.038551977209","https://www.google.com/maps?q=37.6439677333693,127.038551977209",길찾기
처리완료,N,30308702.0,50681173.0,60823891,(주)메가텔레*,메가텔레콤-숙대입구점,리텐션,관리고객,해지고위험,방문활동,,사전리텐션 방문활동 타겟 알림을 위한 VOC 생성,,>>,,SP,G000403,2025-12-31 10:51:58.0,,,직접입력,,VOC20251231105146692,해당없음,기본서비스,텔레캅아이,kt OCT 가드(DVR),무선회선,LTE Single KT,,,,1,영업채널본부,리텐션팀,,N,강북/강원본부,중앙지사,,,서울 용산구 갈월동 87∼104,,"131,000",오광훈,,,서울,용산구,갈월동,,,
처리완료,N,30888090.0,51774515.0,62589350,(주)오퍼스아시*,오퍼스아시아(OCT),리텐션,관리고객,해지고위험,방문활동,,사전리텐션 방문활동 타겟 알림을 위한 VOC 생성,,>>,,SP,G000203,2025-12-31 10:51:58.0,,,직접입력,,VOC20251231105146696,해당없음,기본서비스,텔레캅아이,ktt OCT 가드(DVR),초고속인터넷,메인,,,,1,영업채널본부,리텐션팀,,N,강북/강원본부,서대문지사,,,서울 마포구 대흥동 서울 마포구 광성로6길 64,,"260,000",최용호,37.5473427053508,126.940054039187,서울,마포구,대흥동,"37.5473427053508,126.940054039187","https://www.google.com/maps?q=37.5473427053508,126.940054039187",길찾기
접수,N,30196792.0,51262366.0,61549197,(주)랜드*,밀리티지(GiGAeyes guard),리텐션,관리고객,해지고위험,방문활동,,사전리텐션 방문활동 타겟 알림을 위한 VOC 생성,,>>,,SP,G000408,2025-12-31 10:51:58.0,,,직접입력,,VOC20251231105146700,해당없음,기본서비스,텔레캅아이,GiGAeyes guard+(NVR),초고속인터넷,TCP-IP(All-IoT),,,,1,영업채널본부,리텐션팀,,N,강북/강원본부,중앙지사,,,서울 중구 을지로6가 평화시장 1층 가열 212~214호,,"60,000",김윤정,37.5653821677485,126.979208538495,서울,중구,,"37.5653821677485,126.979208538495","https://www.google.com/maps?q=37.5653821677485,126.979208538495",길찾기
처리완료,N,31030984.0,52071547.0,63222710,(주)카모스코리*,군자역 303호,리텐션,관리고객,해지고위험,방문활동,,사전리텐션 방문활동 타겟 알림을 위한 VOC 생성,,>>,,SP,G000105,2025-12-31 10:51:58.0,,,직접입력,,VOC20251231105146702,해당없음,기본서비스,텔레캅아이,ktt GiGAeyes view+(DVR),무회선,로컬운영,,,,1,영업채널본부,리텐션팀,,N,강북/강원본부,강북지사,,,서울 광진구 능동 275-5 군자역 지하3층 303호,,"35,000",사공관,37.5567298489952,127.080534516969,서울,광진구,능동,"37.5567298489952,127.080534516969","https://www.google.com/maps?q=37.5567298489952,127.080534516969",길찾기
접수,N,31030518.0,51930341.0,62924370,주식회사 카모스코리*,종로3가역319-307호,리텐션,관리고객,해지고위험,방문활동,,사전리텐션 방문활동 타겟 알림을 위한 VOC 생성,,>>,,SP,G000407,2025-12-31 10:51:58.0,,,직접입력,,VOC20251231105146704,해당없음,기본서비스,텔레캅아이,ktt GiGAeyes view+(DVR),무회선,로컬운영,,,,1,영업채널본부,리텐션팀,,N,강북/강원본부,중앙지사,,,서울 종로구 묘동 59 종로3가역3호선319-307호,,"35,000",문성진,,,서울,종로구,묘동,,,
처리완료,N,30908871.0,51163927.0,61408905,씨엔티테크(주*,씨엔티테크11층(GiGAeyes guard),리텐션,관리고객,해지고위험,방문활동,,사전리텐션 방문활동 타겟 알림을 위한 VOC 생성,,>>,,SP,G000204,2025-12-31 10:51:58.0,,,직접입력,,VOC20251231105146706,해당없음,기본서비스,텔레캅아이,GiGAeyes guard+(NVR),무선회선,NB-IOT,,,,1,영업채널본부,리텐션팀,,N,강북/강원본부,서대문지사,,,서울 마포구 도화동 마포대로78 자람빌딩 8층11층,,"342,000",우동주,37.5418967410602,126.949787848373,서울,마포구,도화동,"37.5418967410602,126.949787848373","https://www.google.com/maps?q=37.5418967410602,126.949787848373",길찾기
처리완료,N,30904892.0,51804717.0,62654097,전화*,씨엔티테크(방범),리텐션,관리고객,해지고위험,방문활동,,사전리텐션 방문활동 타겟 알림을 위한 VOC 생성,,>>,,SP,G000105,2025-12-31 10:51:58.0,,,직접입력,,VOC20251231105146708,해당없음,기본서비스,GiGAeyes Basic,GiGAeyes Basic,초고속인터넷,TCP-IP(All-IoT),,,,1,영업채널본부,리텐션팀,,N,강북/강원본부,강북지사,,,서울 광진구 자양동 227-17 4층,,"100,000",사공관,37.5382138391043,127.075546641455,서울,광진구,자양동,"37.5382138391043,127.075546641455","https://www.google.com/maps?q=37.5382138391043,127.075546641455",길찾기
처리완료,N,31015436.0,52161708.0,63336338,(주)더블이에이*,(주)더블이에이치-홍제점,리텐션,관리고객,해지고위험,방문활동,,사전리텐션 방문활동 타겟 알림을 위한 VOC 생성,,>>,,SP,G000201,2025-12-31 10:51:58.0,,,직접입력,,VOC20251231105146710,해당없음,기본서비스,텔레캅아이,GiGAeyes guard+(NVR),초고속인터넷,TCP-IP(All-IoT),,,,1,영업채널본부,리텐션팀,,N,강북/강원본부,서대문지사,,,서울 서대문구 홍제동 139-12 1층,,"130,000",유범식,37.5863699433734,126.947169777491,서울,서대문구,홍제동,"37.5863699433734,126.947169777491","https://www.google.com/maps?q=37.5863699433734,126.947169777491",길찾기
접수,N,30794340.0,51880788.0,62818959,주식회사드림코*,드림코스향동동(GiGAeyes guard),리텐션,관리고객,해지고위험,방문활동,,사전리텐션 방문활동 타겟 알림을 위한 VOC 생성,,>>,,SP,G000302,2025-12-31 10:51:58.0,,,직접입력,,VOC20251231105146712,해당없음,기본서비스,텔레캅아이,GiGAeyes guard+(DVR),초고속인터넷,TCP-IP(All-IoT),,,,1,영업채널본부,리텐션팀,,N,강북/강원본부,고양지사,,,경기 고양시 덕양구 향동 3947번지 GL메트로시티 B1401호1402호,,"70,000",강경필,,,경기,고양시,향동,,,
접수,N,30005072.0,50807176.0,60968455,장성*,성호라인(OCT),리텐션,관리고객,해지고위험,방문활동,,사전리텐션 방문활동 타겟 알림을 위한 VOC 생성,,>>,,SP,G000106,2025-12-31 10:51:58.0,,,직접입력,,VOC20251231105146376,해당없음,기본서비스,텔레캅아이,ktt OCT 가드(DVR),무선회선,WCDMA,,,,1,영업채널본부,리텐션팀,,N,강북/강원본부,강북지사,,,서울 성동구 성수동2가 3동 277-43 아크리빌빌딩 1303호,,"108,000",김형선,37.5438726245303,127.061297770805,서울,성동구,성동,"37.5438726245303,127.061297770805","https://www.google.com/maps?q=37.5438726245303,127.061297770805",길찾기
처리완료,N,30286873.0,51494159.0,61997649,장성*,성호라인경기북부지사(GiGAeyes guard),리텐션,관리고객,해지고위험,방문활동,,사전리텐션 방문활동 타겟 알림을 위한 VOC 생성,,>>,,SP,G000601,2025-12-31 10:51:58.0,,,직접입력,,VOC20251231105146380,해당없음,기본서비스,텔레캅아이,텔레캅큐브 라이트,초고속인터넷,TCP-IP(All-IoT),,,,1,영업채널본부,리텐션팀,,N,강북/강원본부,남양주지사,,,경기 남양주시 금곡동 433-3번지 삼익빌딩 3층,,"50,000",홍종철,37.6323425543199,127.205143369854,경기,남양주시,금곡동,"37.6323425543199,127.205143369854","https://www.google.com/maps?q=37.6323425543199,127.205143369854",길찾기
처리완료,N,30532240.0,51953337.0,62973259,누*,누보403호(GiGAeyes guard),리텐션,관리고객,해지고위험,방문활동,,사전리텐션 방문활동 타겟 알림을 위한 VOC 생성,,>>,,SP,G000402,2025-12-31 10:51:58.0,,,직접입력,,VOC20251231105146384,해당없음,기본서비스,텔레캅아이,GiGAeyes guard+(DVR),초고속인터넷,TCP-IP(All-IoT),,,,1,영업채널본부,리텐션팀,,N,강북/강원본부,중앙지사,,,서울 중구 초동 42번지 4층 4층 403호,,"54,000",김병조,37.5638219745994,126.992518969586,서울,중구,초동,"37.5638219745994,126.992518969586","https://www.google.com/maps?q=37.5638219745994,126.992518969586",길찾기
처리완료,N,30589724.0,51220359.0,61491657,이승*,열방교회(뷰N),리텐션,관리고객,해지고위험,방문활동,,사전리텐션 방문활동 타겟 알림을 위한 VOC 생성,,>>,,SP,G000501,2025-12-31 10:51:58.0,,,직접입력,,VOC20251231105146386,해당없음,기본서비스,텔레캅아이,ktt GiGAeyes view+(NVR),무회선,로컬운영,,,,1,영업채널본부,리텐션팀,,N,강북/강원본부,의정부지사,,,경기 의정부시 신곡동 767-3,,"400,000",차현갑,37.7522161740634,127.075601086692,경기,의정부시,신곡동,"37.7522161740634,127.075601086692","https://www.google.com/maps?q=37.7522161740634,127.075601086692",길찾기
미접수,N,30481929.0,51206335.0,61471243,(주)자연의*,자연의벗1층,리텐션,관리고객,해지고위험,방문활동,,사전리텐션 방문활동 타겟 알림을 위한 VOC 생성,,>>,,SP,G000401,2025-12-31 10:51:58.0,,,직접입력,,VOC20251231105146392,해당없음,기본서비스,GiGAeyes Basic,GiGAeyes Basic,무선회선,MVNO,,,,1,영업채널본부,리텐션팀,,N,강북/강원본부,중앙지사,,,서울 종로구 적선동 93-2번지,,"300,000",송민철,37.5761331626729,126.973193929661,서울,종로구,적선동,"37.5761331626729,126.973193929661","https://www.google.com/maps?q=37.5761331626729,126.973193929661",길찾기
처리완료,N,30481929.0,51647298.0,62323804,(주)자연의*,자연의벗(OCT),리텐션,관리고객,해지고위험,방문활동,,사전리텐션 방문활동 타겟 알림을 위한 VOC 생성,,>>,,SP,G000301,2025-12-31 10:51:58.0,,,직접입력,,VOC20251231105146394,해당없음,기본서비스,텔레캅아이,ktt OCT 가드(DVR),초고속인터넷,메인,,,,1,영업채널본부,리텐션팀,,N,강북/강원본부,고양지사,,,경기 고양시 덕양구 원흥동 704번지 고양아크비즈 지하1층 122호,,"57,000",최우석,37.6399745425202,126.875402865817,경기,고양시,원흥동,"37.6399745425202,126.875402865817","https://www.google.com/maps?q=37.6399745425202,126.875402865817",길찾기
처리완료,N,30589494.0,51219829.0,61490874,유삼*,포천수지(OCT),리텐션,관리고객,해지고위험,방문활동,,사전리텐션 방문활동 타겟 알림을 위한 VOC 생성,,>>,,SP,G000505,2025-12-31 10:51:58.0,,,직접입력,,VOC20251231105146398,해당없음,기본서비스,텔레캅아이,ktt OCT 가드(NVR),초고속인터넷,메인,,,,1,영업채널본부,리텐션팀,,N,강북/강원본부,의정부지사,,,경기 포천시 가산면 우금리 276-3,,"168,000",정성록,37.8205271730638,127.212308808975,경기,포천시,가산면,"37.8205271730638,127.212308808975","https://www.google.com/maps?q=37.8205271730638,127.212308808975",길찾기
접수,N,30173678.0,50370824.0,60454644,천규*,크린개발썬플렉스-OCT뷰,리텐션,관리고객,해지고위험,방문활동,,사전리텐션 방문활동 타겟 알림을 위한 VOC 생성,,>>,,SP,G000605,2025-12-31 10:51:58.0,,,직접입력,,VOC20251231105146402,해당없음,기본서비스,텔레캅아이,ktt GiGAeyes view+(NVR),무회선,로컬운영,,,,1,영업채널본부,리텐션팀,,N,강북/강원본부,남양주지사,,,경기 남양주시 와부읍 덕소리 485,,"180,000",김현돈,37.5878462902362,127.213022261573,경기,남양주시,와부읍,"37.5878462902362,127.213022261573","https://www.google.com/maps?q=37.5878462902362,127.213022261573",길찾기
처리완료,N,30894299.0,51786294.0,62613983,(재)성바오로수도*,성바오로수도회미아(GiGAeyes guard),리텐션,관리고객,해지고위험,방문활동,,사전리텐션 방문활동 타겟 알림을 위한 VOC 생성,,>>,,SP,G000103,2025-12-31 10:51:58.0,,,직접입력,,VOC20251231105146406,해당없음,기본서비스,텔레캅아이,GiGAeyes guard+(NVR),초고속인터넷,TCP-IP(All-IoT),,,,1,영업채널본부,리텐션팀,,N,강북/강원본부,강북지사,,,서울 강북구 미아동 103-119,,"85,000",김의겸,37.6170786690264,127.032699304774,서울,강북구,미아동,"37.6170786690264,127.032699304774","https://www.google.com/maps?q=37.6170786690264,127.032699304774",길찾기
처리완료,N,30270908.0,50614512.0,60747661,육군제5710부*,육군제5710부대(비호존),리텐션,관리고객,해지고위험,방문활동,,사전리텐션 방문활동 타겟 알림을 위한 VOC 생성,,>>,,SP,G000309,2025-12-31 10:51:58.0,,,직접입력,,VOC20251231105146414,해당없음,기본서비스,텔레캅아이,kt OCT 뷰(DVR),무회선,로컬운영,,,,1,영업채널본부,리텐션팀,,N,강북/강원본부,고양지사,,,경기 파주시 법원읍 법원리 668번지5호,,"130,000",조현웅,,,경기,파주시,법원읍,,,
처리완료,N,30168808.0,50242320.0,60297290,허장*,준빌딩(OCT뷰),리텐션,관리고객,해지고위험,방문활동,,사전리텐션 방문활동 타겟 알림을 위한 VOC 생성,,>>,,SP,G000203,2025-12-31 10:51:58.0,,,직접입력,,VOC20251231105146416,해당없음,기본서비스,텔레캅아이,ktt GiGAeyes view+(DVR),무회선,로컬운영,,,,1,영업채널본부,리텐션팀,,N,강북/강원본부,서대문지사,,,서울 서대문구 창천동 62-1번지,,"130,000",최용호,37.5565702728613,126.935432728024,서울,서대문구,창천동,"37.5565702728613,126.935432728024","https://www.google.com/maps?q=37.5565702728613,126.935432728024",길찾기
처리완료,N,30900570.0,51797039.0,62637188,민영*,홍대리더스정형외과의원(GiGAeyes guard),리텐션,관리고객,해지고위험,방문활동,,사전리텐션 방문활동 타겟 알림을 위한 VOC 생성,,>>,,SP,G000203,2025-12-31 10:51:58.0,,,직접입력,,VOC20251231105146420,해당없음,기본서비스,텔레캅아이,GiGAeyes guard+(DVR),초고속인터넷,TCP-IP(All-IoT),,,,1,영업채널본부,리텐션팀,,N,강북/강원본부,서대문지사,,,서울 마포구 동교동 166-13번지 삼양세븐스프링스2층,,"130,000",최용호,37.5570328763928,126.924545502235,서울,마포구,동교동,"37.5570328763928,126.924545502235","https://www.google.com/maps?q=37.5570328763928,126.924545502235",길찾기
미접수,N,30688715.0,51411677.0,61822936,우정*,브라보마취통증의학과의원(OCT),리텐션,관리고객,해지고위험,방문활동,,사전리텐션 방문활동 타겟 알림을 위한 VOC 생성,,>>,,SP,G000101,2025-12-31 10:51:58.0,,,직접입력,,VOC20251231105146428,해당없음,기본서비스,텔레캅아이,ktt OCT 가드(DVR),초고속인터넷,TCP-IP(All-IoT),,,,1,영업채널본부,리텐션팀,,N,강북/강원본부,강북지사,,,서울 노원구 상계동 389-641 3층 브라보정형외과,,"130,000",성진수,37.6599685785147,127.069873265914,서울,노원구,상계동,"37.6599685785147,127.069873265914","https://www.google.com/maps?q=37.6599685785147,127.069873265914",길찾기
처리완료,N,30595134.0,51233720.0,61510632,김종*,알디파트너스투자3호유한회사(OCT),리텐션,관리고객,해지고위험,방문활동,,사전리텐션 방문활동 타겟 알림을 위한 VOC 생성,,>>,,SP,G000106,2025-12-31 10:51:58.0,,,직접입력,,VOC20251231105146432,해당없음,기본서비스,텔레캅아이,ktt OCT 가드(NVR),초고속인터넷,TCP-IP(All-IoT),,,,1,영업채널본부,리텐션팀,,N,강북/강원본부,강북지사,,,서울 성동구 성수동1가 685-271  2층3층,,"130,000",김형선,37.5470446825465,127.041917421231,서울,성동구,성동,"37.5470446825465,127.041917421231","https://www.google.com/maps?q=37.5470446825465,127.041917421231",길찾기
처리완료,N,30895119.0,51787659.0,62617042,주식회사 디자인휀*,디자인휀스(GiGAeyes i-guard),리텐션,관리고객,해지고위험,방문활동,,사전리텐션 방문활동 타겟 알림을 위한 VOC 생성,,>>,,SP,G000304,2025-12-31 10:51:58.0,,,직접입력,,VOC20251231105146434,해당없음,기본서비스,텔레캅아이,GiGAeyes i-guard,초고속인터넷,TCP-IP(All-IoT),,,,1,영업채널본부,리텐션팀,,N,강북/강원본부,고양지사,,,경기 파주시 파주읍봉암리 봉서산로225번길 21,,"130,000",성형래,37.8328261584194,126.801356143274,경기,파주시,파주읍,"37.8328261584194,126.801356143274","https://www.google.com/maps?q=37.8328261584194,126.801356143274",길찾기
처리완료,N,201111.0,11480997.0,11480997,박명*,명성수출포장(Combo),리텐션,관리고객,해지고위험,방문활동,,사전리텐션 방문활동 타겟 알림을 위한 VOC 생성,,>>,,SP,G000505,2025-12-31 10:51:58.0,,,직접입력,,VOC20251231105146436,해당없음,기본서비스,텔레캅아이,Combo(방범+영상:WCDMA),무선회선,LTE Single KT,,,,1,영업채널본부,리텐션팀,,N,강북/강원본부,의정부지사,,,경기 포천시 설운동 14-7,,"130,000",정성록,37.8462447937715,127.161376815272,경기,포천시,설운동,"37.8462447937715,127.161376815272","https://www.google.com/maps?q=37.8462447937715,127.161376815272",길찾기
처리완료,N,30799257.0,51015012.0,61212341,정영*,더옥션(OCT),리텐션,관리고객,해지고위험,방문활동,,사전리텐션 방문활동 타겟 알림을 위한 VOC 생성,,>>,,SP,G000304,2025-12-31 10:51:58.0,,,직접입력,,VOC20251231105146438,해당없음,기본서비스,텔레캅아이,ktt OCT 가드(NVR),초고속인터넷,메인,,,,1,영업채널본부,리텐션팀,,N,강북/강원본부,고양지사,,,경기 파주시 금촌동 801-3,,"130,000",성형래,37.7551349322834,126.775968254086,경기,파주시,금촌동,"37.7551349322834,126.775968254086","https://www.google.com/maps?q=37.7551349322834,126.775968254086",길찾기
처리완료,N,30227589.0,20563988.0,20563988,(주)대영지에*,대영지에프(OCT),리텐션,관리고객,해지고위험,방문활동,,사전리텐션 방문활동 타겟 알림을 위한 VOC 생성,,>>,,SP,G000505,2025-12-31 10:51:58.0,,,직접입력,,VOC20251231105146446,해당없음,기본서비스,텔레캅아이,ktt OCT 가드(NVR),초고속인터넷,메인,,,,1,영업채널본부,리텐션팀,,N,강북/강원본부,의정부지사,,,경기 포천시 가산면 금현리 602-2,,"130,000",정성록,37.8151121763699,127.19428771063,경기,포천시,가산면,"37.8151121763699,127.19428771063","https://www.google.com/maps?q=37.8151121763699,127.19428771063",길찾기
처리완료,N,31151580.0,51781349.0,62604412,주식회사 레이시*,주식회사 레이시트,리텐션,관리고객,해지고위험,방문활동,,사전리텐션 방문활동 타겟 알림을 위한 VOC 생성,,>>,,SP,G000404,2025-12-31 10:51:58.0,,,직접입력,,VOC20251231105146718,해당없음,기본서비스,텔레캅아이,GiGAeyes guard+(NVR),초고속인터넷,TCP-IP(All-IoT),,,,1,영업채널본부,리텐션팀,,N,강북/강원본부,중앙지사,,,서울 성동구 행당동 318-36 1층,,"80,000",권대호,37.5586794707077,127.033691126496,서울,성동구,성동,"37.5586794707077,127.033691126496","https://www.google.com/maps?q=37.5586794707077,127.033691126496",길찾기
처리완료,N,30790391.0,51617016.0,62257516,이장*,참맛집 상암점(GiGAeyes guard),리텐션,관리고객,해지고위험,방문활동,,사전리텐션 방문활동 타겟 알림을 위한 VOC 생성,,>>,,SP,G000202,2025-12-31 10:51:58.0,,,직접입력,,VOC20251231105146720,해당없음,기본서비스,텔레캅아이,GiGAeyes guard+(NVR),초고속인터넷,TCP-IP(All-IoT),,,,1,영업채널본부,리텐션팀,,N,강북/강원본부,서대문지사,,,서울 마포구 상암동 1592 팬엔터테인먼트사옥 지하1층,,"620,000",안근영,37.5816114871358,126.887058777494,서울,마포구,상암동,"37.5816114871358,126.887058777494","https://www.google.com/maps?q=37.5816114871358,126.887058777494",길찾기
접수,N,358765.0,50052951.0,60064910,(재)대한불교조계종유지재*,대한불교조계종지하박물관,리텐션,관리고객,해지고위험,방문활동,,사전리텐션 방문활동 타겟 알림을 위한 VOC 생성,,>>,,SP,G000407,2025-12-31 10:51:58.0,,,직접입력,,VOC20251231105146722,해당없음,기본서비스,GiGAeyes Basic,GiGAeyes Basic,무선회선,MVNO,,,,1,영업채널본부,리텐션팀,,N,강북/강원본부,중앙지사,,,서울 종로구 견지동 45 조계사 총무원지하,,"300,000",문성진,37.5738906866558,126.982332678883,서울,종로구,견지동,"37.5738906866558,126.982332678883","https://www.google.com/maps?q=37.5738906866558,126.982332678883",길찾기
처리완료,N,154202.0,52100712.0,63264437,(주)우리은*,우리은행-마포금융센터(365),리텐션,관리고객,해지고위험,방문활동,,사전리텐션 방문활동 타겟 알림을 위한 VOC 생성,,>>,,SP,G000204,2025-12-31 10:51:58.0,,,직접입력,,VOC20251231105146730,해당없음,기본서비스,GiGAeyes Basic,GiGAeyes Basic,무선회선,LTE Dual KT,,,,1,영업채널본부,리텐션팀,,N,강북/강원본부,서대문지사,,,서울 마포구 도화동 50-1 일진빌딩 1층,,"337,000",우동주,37.5404449810966,126.946352323027,서울,마포구,도화동,"37.5404449810966,126.946352323027","https://www.google.com/maps?q=37.5404449810966,126.946352323027",길찾기
접수,N,30826473.0,52051436.0,63181542,에프엔에스리테*,에프엔에스리테일-서교점,리텐션,관리고객,해지고위험,방문활동,,사전리텐션 방문활동 타겟 알림을 위한 VOC 생성,,>>,,SP,G000205,2025-12-31 10:51:58.0,,,직접입력,,VOC20251231105146734,해당없음,기본서비스,텔레캅아이,GiGAeyes guard+(DVR),초고속인터넷,TCP-IP(All-IoT),,,,1,영업채널본부,리텐션팀,,N,강북/강원본부,서대문지사,,,서울 마포구 서교동 333-3 1층  지층,,"120,000",안수호,37.5557648720126,126.927077460428,서울,마포구,서교동,"37.5557648720126,126.927077460428","https://www.google.com/maps?q=37.5557648720126,126.927077460428",길찾기
처리완료,N,30581828.0,51208360.0,61474477,주식회사 에프엔에스리테*,에프엔에스리테일(OCT),리텐션,관리고객,해지고위험,방문활동,,사전리텐션 방문활동 타겟 알림을 위한 VOC 생성,,>>,,SP,G000402,2025-12-31 10:51:58.0,,,직접입력,,VOC20251231105146736,해당없음,기본서비스,텔레캅아이,ktt OCT 가드(NVR),초고속인터넷,메인,,,,1,영업채널본부,리텐션팀,,N,강북/강원본부,중앙지사,,,서울 중구 명동2가 31-7번지 4호,,"100,000",김병조,37.5621506455134,126.985114219571,서울,중구,명동,"37.5621506455134,126.985114219571","https://www.google.com/maps?q=37.5621506455134,126.985114219571",길찾기
처리완료,N,30826473.0,52050441.0,63179567,에프엔에스리테*,SAPPUN_고양,리텐션,관리고객,해지고위험,방문활동,,사전리텐션 방문활동 타겟 알림을 위한 VOC 생성,,>>,,SP,G000301,2025-12-31 10:51:58.0,,,직접입력,,VOC20251231105146740,해당없음,기본서비스,텔레캅아이,ktt GiGAeyes view+(NVR),무회선,로컬운영,,,,1,영업채널본부,리텐션팀,,N,강북/강원본부,고양지사,,,경기 고양시 덕양구 동산동  370 스타필드고양 2층 2165호 사뿐,,"40,000",최우석,37.6470540753526,126.894691272743,경기,고양시,동산동,"37.6470540753526,126.894691272743","https://www.google.com/maps?q=37.6470540753526,126.894691272743",길찾기
미접수,N,30285979.0,50640985.0,60777710,한국생산성본*,한국생산성본부-9층,리텐션,관리고객,해지고위험,방문활동,,사전리텐션 방문활동 타겟 알림을 위한 VOC 생성,,>>,,SP,G000401,2025-12-31 10:51:58.0,,,직접입력,,VOC20251231105146742,해당없음,기본서비스,텔레캅아이,kt_페이스캅II_기본형,무회선,로컬운영,,,,1,영업채널본부,리텐션팀,,N,강북/강원본부,중앙지사,,,서울 종로구 적선동 122-1 생산성빌딩 9층,,"63,000",송민철,37.5749129093945,126.973431640155,서울,종로구,적선동,"37.5749129093945,126.973431640155","https://www.google.com/maps?q=37.5749129093945,126.973431640155",길찾기
처리완료,N,211297.0,51780519.0,62602619,경기대학*,경기대학교(서울)-개방전산실,리텐션,관리고객,해지고위험,방문활동,,사전리텐션 방문활동 타겟 알림을 위한 VOC 생성,,>>,,SP,G000204,2025-12-31 10:51:58.0,,,직접입력,,VOC20251231105146748,해당없음,기본서비스,GiGAeyes Basic,GiGAeyes Basic,무선회선,LTE Single KT,,,,1,영업채널본부,리텐션팀,,N,강북/강원본부,서대문지사,,,서울 서대문구 충정로2가 67-13번지 2층 1202호,,"56,000",우동주,37.5652532255795,126.962125647062,서울,서대문구,,"37.5652532255795,126.962125647062","https://www.google.com/maps?q=37.5652532255795,126.962125647062",길찾기
처리완료,N,30641483.0,51352609.0,61700888,장미*,경성산업-대가트라움,리텐션,관리고객,해지고위험,방문활동,,사전리텐션 방문활동 타겟 알림을 위한 VOC 생성,,>>,,SP,G000501,2025-12-31 10:51:58.0,,,직접입력,,VOC20251231105146750,해당없음,기본서비스,GiGAeyes Basic,GiGAeyes Basic,초고속인터넷,TCP-IP(All-IoT),,,,1,영업채널본부,리텐션팀,,N,강북/강원본부,의정부지사,,,경기 의정부시 의정부동 9-51,,"50,000",차현갑,,,경기,의정부시,의정부동,,,
접수,N,30135366.0,50424109.0,60523786,장인가구(주*,장인가구-동부OCT뷰,리텐션,관리고객,해지고위험,방문활동,,사전리텐션 방문활동 타겟 알림을 위한 VOC 생성,,>>,,SP,G000605,2025-12-31 10:51:58.0,,,직접입력,,VOC20251231105146752,해당없음,기본서비스,텔레캅아이,ktt GiGAeyes view+(NVR),무회선,로컬운영,,,,1,영업채널본부,리텐션팀,,N,강북/강원본부,남양주지사,,,경기 남양주시 와부읍 율석리404번지,,"40,000",김현돈,37.6170676795295,127.21669592089,경기,남양주시,와부읍,"37.6170676795295,127.21669592089","https://www.google.com/maps?q=37.6170676795295,127.21669592089",길찾기
접수,N,30673287.0,51383406.0,61765091,(주)평일양주공*,(주)평일양주공장,리텐션,관리고객,해지고위험,방문활동,,사전리텐션 방문활동 타겟 알림을 위한 VOC 생성,,>>,,SP,G000504,2025-12-31 10:51:58.0,,,직접입력,,VOC20251231105146754,해당없음,기본서비스,텔레캅아이,ktt GiGAeyes view+(NVR),무회선,로컬운영,,,,1,영업채널본부,리텐션팀,,N,강북/강원본부,의정부지사,,,경기 양주시 회천1동 경기 양주시 칠봉산로254번길 79,,"600,000",김민수,37.8590435985582,127.078792782791,경기,양주시,,"37.8590435985582,127.078792782791","https://www.google.com/maps?q=37.8590435985582,127.078792782791",길찾기
처리완료,N,31072085.0,51910687.0,62883162,이랜드리테일불광*,이랜드리테일불광점,리텐션,관리고객,해지고위험,방문활동,,사전리텐션 방문활동 타겟 알림을 위한 VOC 생성,,>>,,SP,G000201,2025-12-31 10:51:58.0,,,직접입력,,VOC20251231105146758,해당없음,기본서비스,텔레캅아이,GiGAeyes i-guard,초고속인터넷,TCP-IP(All-IoT),,,,1,영업채널본부,리텐션팀,,N,강북/강원본부,서대문지사,,,서울 은평구 대조동 서울 은평구 불광로 20 NC백화점 8층,,"168,000",유범식,37.6097357749976,126.928938477038,서울,은평구,대조동,"37.6097357749976,126.928938477038","https://www.google.com/maps?q=37.6097357749976,126.928938477038",길찾기
접수,N,30604630.0,51262310.0,61549111,(주)랜드*,랜드햇-신내창고(GiGAeyes guard),리텐션,관리고객,해지고위험,방문활동,,사전리텐션 방문활동 타겟 알림을 위한 VOC 생성,,>>,,SP,G000104,2025-12-31 10:51:58.0,,,직접입력,,VOC20251231105146768,해당없음,기본서비스,텔레캅아이,GiGAeyes guard+(NVR),초고속인터넷,TCP-IP(All-IoT),,,,1,영업채널본부,리텐션팀,,N,강북/강원본부,강북지사,,,서울 중랑구 신내동 260-4 신내데시앙 지식산업센타  지하B314~5호,,"50,000",김태규,37.617482001663,127.104212374087,서울,중랑구,신내동,"37.617482001663,127.104212374087","https://www.google.com/maps?q=37.617482001663,127.104212374087",길찾기
처리완료,N,30428873.0,51226595.0,61501038,(주)대흥쿨*,대흥쿨러-자재과,리텐션,관리고객,해지고위험,방문활동,,사전리텐션 방문활동 타겟 알림을 위한 VOC 생성,,>>,,SP,G000506,2025-12-31 10:51:58.0,,,직접입력,,VOC20251231105146772,해당없음,기본서비스,GiGAeyes Basic,GiGAeyes Basic,무선회선,LTE Single KT,,,,1,영업채널본부,리텐션팀,,N,강북/강원본부,의정부지사,,,경기 포천시 내촌면 음현리 467번지,,"90,000",김진회,37.7569711646122,127.225367942919,경기,포천시,내촌면,"37.7569711646122,127.225367942919","https://www.google.com/maps?q=37.7569711646122,127.225367942919",길찾기
처리완료,N,30689499.0,51412824.0,61824880,이*,태산빌딩(GiGAeyes guard),리텐션,관리고객,해지고위험,방문활동,,사전리텐션 방문활동 타겟 알림을 위한 VOC 생성,,>>,,SP,G000603,2025-12-31 10:51:58.0,,,직접입력,,VOC20251231105146780,해당없음,기본서비스,텔레캅아이,GiGAeyes guard+(NVR),초고속인터넷,TCP-IP(All-IoT),,,,1,영업채널본부,리텐션팀,,N,강북/강원본부,남양주지사,,,경기 구리시 교문동 278-21,,"355,000",원동현,37.5998854802044,127.130756668983,경기,구리시,교문동,"37.5998854802044,127.130756668983","https://www.google.com/maps?q=37.5998854802044,127.130756668983",길찾기
처리완료,N,30880987.0,51760785.0,62560885,김도*,답십리마디튼튼(GiGAeyes guard),리텐션,관리고객,해지고위험,방문활동,,사전리텐션 방문활동 타겟 알림을 위한 VOC 생성,,>>,,SP,G000405,2025-12-31 10:51:58.0,,,직접입력,,VOC20251231105146448,해당없음,기본서비스,텔레캅아이,GiGAeyes guard+(DVR),초고속인터넷,TCP-IP(All-IoT),,,,1,영업채널본부,리텐션팀,,N,강북/강원본부,중앙지사,,,서울 동대문구 답십리2동 서울 동대문구 고미술로 81  203~205호,,"130,000",남기민,,,서울,동대문구,,,,
접수,N,30893407.0,51784727.0,62610538,강한*,진주강씨우송공파총회2층(GiGAeyes guard),리텐션,관리고객,해지고위험,방문활동,,사전리텐션 방문활동 타겟 알림을 위한 VOC 생성,,>>,,SP,G000407,2025-12-31 10:51:58.0,,,직접입력,,VOC20251231105146456,해당없음,기본서비스,텔레캅아이,GiGAeyes guard+(DVR),초고속인터넷,TCP-IP(All-IoT),,,,1,영업채널본부,리텐션팀,,N,강북/강원본부,중앙지사,,,서울 종로구 경운동 68-1 우송회관2층,,"64,000",문성진,37.5745583294628,126.986466554964,서울,종로구,경운동,"37.5745583294628,126.986466554964","https://www.google.com/maps?q=37.5745583294628,126.986466554964",길찾기
접수,N,30955802.0,51898774.0,62857753,중랑구시설관리공*,중랑시설안전감사팀,리텐션,관리고객,해지고위험,방문활동,,사전리텐션 방문활동 타겟 알림을 위한 VOC 생성,,>>,,SP,G000104,2025-12-31 10:51:58.0,,,직접입력,,VOC20251231105146458,해당없음,기본서비스,텔레캅아이,단독형 I 지문리더,무회선,로컬운영,,,,1,영업채널본부,리텐션팀,,N,강북/강원본부,강북지사,,,서울 중랑구 묵동 22 중랑구립정보도서관 중랑구민체육센터 1층,,"30,000",김태규,37.6152187439257,127.086939763858,서울,중랑구,묵동,"37.6152187439257,127.086939763858","https://www.google.com/maps?q=37.6152187439257,127.086939763858",길찾기
처리완료,N,30093311.0,50215411.0,60262559,문상*,대한불교조계종원각사(고양지점),리텐션,관리고객,해지고위험,방문활동,,사전리텐션 방문활동 타겟 알림을 위한 VOC 생성,,>>,,SP,G000308,2025-12-31 10:51:58.0,,,직접입력,,VOC20251231105146460,해당없음,기본서비스,텔레캅아이,ktt GiGAeyes view+(NVR),무회선,로컬운영,,,,1,영업채널본부,리텐션팀,,N,강북/강원본부,고양지사,,,경기 고양시 일산구 탄현동 1477 건영상가 201호,,"48,000",강민수,37.696088106202,126.766193310359,경기,고양시,탄현동,"37.696088106202,126.766193310359","https://www.google.com/maps?q=37.696088106202,126.766193310359",길찾기
처리완료,N,31003103.0,51986155.0,63044010,동화산업(주*,동화산업(GiGAeyes view),리텐션,관리고객,해지고위험,방문활동,,사전리텐션 방문활동 타겟 알림을 위한 VOC 생성,조형근,서비스>>기타,,SP,G000602,2025-12-31 10:51:58.0,2025-12-31 10:57:27.0,2025-12-31 10:57:27.0,직접입력,,VOC20251231105146862,해당없음,기본서비스,텔레캅아이,ktt GiGAeyes view+(NVR),무회선,로컬운영,,,,1,영업채널본부,리텐션팀,,N,강북/강원본부,남양주지사,완료(해지징후 있음),,경기 남양주시 진건읍사능리 436-3번지 야적장,,"200,000",조형근,37.6516172923967,127.185320231604,경기,남양주시,진건읍,"37.6516172923967,127.185320231604","https://www.google.com/maps?q=37.6516172923967,127.185320231604",길찾기
처리완료,N,30681253.0,51009920.0,61208196,유정*,거룩한빛운정교회(GiGAeyes guard),리텐션,관리고객,해지고위험,방문활동,,사전리텐션 방문활동 타겟 알림을 위한 VOC 생성,김현교,해지방어>>상담,관리고객 재계약거부,SP,G000305,2025-12-31 10:51:58.0,2025-12-31 10:59:59.0,2025-12-31 10:59:59.0,직접입력,,VOC20251231105146876,해당없음,기본서비스,텔레캅아이,텔레캅큐브 라이트,무선회선,NB-IOT,,,,1,영업채널본부,리텐션팀,,N,강북/강원본부,고양지사,완료(해지징후 없음),,경기 파주시 목동동 920,,"110,000",김현교,37.7314738309903,126.731822963094,경기,파주시,목동동,"37.7314738309903,126.731822963094","https://www.google.com/maps?q=37.7314738309903,126.731822963094",길찾기
처리완료,N,30965808.0,51612066.0,62246856,이*,톡스앤필의원,리텐션,관리고객,해지고위험,방문활동,,사전리텐션 방문활동 타겟 알림을 위한 VOC 생성,김현교,해지방어>>상담,관리고객 재약정거부,SP,G000305,2025-12-31 10:51:58.0,2025-12-31 10:58:37.0,2025-12-31 10:58:37.0,직접입력,,VOC20251231105146954,해당없음,기본서비스,텔레캅아이,GiGAeyes guard+(NVR),초고속인터넷,TCP-IP(All-IoT),,,,1,영업채널본부,리텐션팀,,N,강북/강원본부,고양지사,해당없음,,경기 파주시 목동동 945-1번지4층 병원,,"160,000",김현교,37.7282517271074,126.73438291118,경기,파주시,목동동,"37.7282517271074,126.73438291118","https://www.google.com/maps?q=37.7282517271074,126.73438291118",길찾기
처리완료,N,30404931.0,50874438.0,61047918,주식회사 엔산마운*,엔산마운트(OCT),리텐션,관리고객,해지고위험,방문활동,,사전리텐션 방문활동 타겟 알림을 위한 VOC 생성,김현교,해지방어>>상담,관리고객 재약정거부,SP,G000305,2025-12-31 10:51:58.0,2025-12-31 10:59:30.0,2025-12-31 10:59:30.0,직접입력,,VOC20251231105146574,해당없음,기본서비스,텔레캅아이,ktt OCT 가드(DVR),초고속인터넷,메인,,,,1,영업채널본부,리텐션팀,,N,강북/강원본부,고양지사,완료(해지징후 없음),,경기 파주시 탄현면 한록산길 116,,"134,000",김현교,37.7915931948307,126.691011580281,경기,파주시,탄현면,"37.7915931948307,126.691011580281","https://www.google.com/maps?q=37.7915931948307,126.691011580281",길찾기
처리완료,N,30609152.0,51766390.0,62573419,김한*,제이위드앤컴퍼니(OCT),리텐션,관리고객,해지고위험,방문활동,,사전리텐션 방문활동 타겟 알림을 위한 VOC 생성,김현교,서비스>>기타,관리고객 재약정거부,SP,G000305,2025-12-31 10:51:58.0,2025-12-31 10:57:49.0,2025-12-31 10:57:49.0,직접입력,,VOC20251231105146582,해당없음,기본서비스,텔레캅아이,ktt OCT 가드(DVR),초고속인터넷,메인,,,,1,영업채널본부,리텐션팀,,N,강북/강원본부,고양지사,완료(해지징후 없음),,경기 파주시 하지석동 201,,"135,000",김현교,37.7595035329627,126.745440450024,경기,파주시,하지석동,"37.7595035329627,126.745440450024","https://www.google.com/maps?q=37.7595035329627,126.745440450024",길찾기
처리완료,N,30673015.0,51382878.0,61763970,이진*,원주보듬이나눔이어린이집(OCT),리텐션,관리고객,해지고위험,방문활동,,사전리텐션 방문활동 타겟 알림을 위한 VOC 생성,,>>,,SP,P000202,2025-12-31 10:48:34.0,,,직접입력,,VOC20251231104737854,해당없음,기본서비스,텔레캅아이,ktt OCT 가드(NVR),초고속인터넷,메인,,,,1,영업채널본부,리텐션팀,,N,강원본부,원주지사,,,강원 원주시 반곡동 입춘로 7번지,,"140,000",김광호,37.3297042736298,127.974883596855,강원,원주시,반곡동,"37.3297042736298,127.974883596855","https://www.google.com/maps?q=37.3297042736298,127.974883596855",길찾기
처리완료,N,30602088.0,51255808.0,61539413,이유*,대신공사(GiGAeyes guard),리텐션,관리고객,해지고위험,방문활동,,사전리텐션 방문활동 타겟 알림을 위한 VOC 생성,권태경,서비스>>기타,,SP,P000203,2025-12-31 10:48:34.0,2025-12-31 10:52:38.0,2025-12-31 10:52:38.0,직접입력,,VOC20251231104737392,해당없음,기본서비스,텔레캅아이,GiGAeyes guard+(NVR),초고속인터넷,TCP-IP(All-IoT),,,,1,영업채널본부,리텐션팀,,N,강원본부,원주지사,해당없음,,강원 영월군 북면 715,,"130,000",김상태,37.2996279732733,128.435044008269,강원,영월군,북면,"37.2996279732733,128.435044008269","https://www.google.com/maps?q=37.2996279732733,128.435044008269",길찾기
미접수,N,18292.0,215303.0,00215303,권홍*,장보고할인마트(OCT),리텐션,관리고객,해지고위험,방문활동,,사전리텐션 방문활동 타겟 알림을 위한 VOC 생성,,>>,,SP,P000206,2025-12-31 10:48:34.0,,,직접입력,,VOC20251231104737896,해당없음,기본서비스,텔레캅아이,ktt OCT 가드(NVR),무선회선,LTE Single KT,,,,1,영업채널본부,리텐션팀,,N,강원본부,원주지사,,,강원 춘천시 후평3동 석사2지구상가 104호,,"150,000",안상현,,,강원,춘천시,,,,
미접수,N,30674519.0,51385542.0,61769553,성우*,도원이엔씨 동서녹색평화도로,리텐션,관리고객,해지고위험,방문활동,,사전리텐션 방문활동 타겟 알림을 위한 VOC 생성,,>>,,SP,P000206,2025-12-31 10:48:34.0,,,직접입력,,VOC20251231104737916,해당없음,기본서비스,텔레캅아이,단독형 I 지문리더,무회선,로컬운영,,,,1,영업채널본부,리텐션팀,,N,강원본부,원주지사,,,강원 화천군 상서면 파포리 847-2,,"30,000",안상현,38.1571374320059,127.651808343624,강원,화천군,상서면,"38.1571374320059,127.651808343624","https://www.google.com/maps?q=38.1571374320059,127.651808343624",길찾기
처리완료,N,31092451.0,52120281.0,63285284,(주)남이*,(주)남이섬,리텐션,관리고객,해지고위험,방문활동,,사전리텐션 방문활동 타겟 알림을 위한 VOC 생성,,>>,,SP,P000207,2025-12-31 10:48:34.0,,,직접입력,,VOC20251231104737922,해당없음,기본서비스,텔레캅아이,KT단독상품,초고속인터넷,TCP-IP(All-IoT),,,,1,영업채널본부,리텐션팀,,N,강원본부,원주지사,,,강원 춘천시 남산면 방하리 197,,"917,100",경규원,37.7886616742178,127.524703215293,강원,춘천시,남산면,"37.7886616742178,127.524703215293","https://www.google.com/maps?q=37.7886616742178,127.524703215293",길찾기
접수,N,30921801.0,51716293.0,62471265,삼척시*,삼척시동물보호센터(OCT),리텐션,관리고객,해지고위험,방문활동,,사전리텐션 방문활동 타겟 알림을 위한 VOC 생성,,>>,,SP,P000104,2025-12-31 10:48:34.0,,,직접입력,,VOC20251231104737948,해당없음,기본서비스,텔레캅아이,ktt OCT 가드(NVR),초고속인터넷,메인,,,,1,영업채널본부,리텐션팀,,N,강원본부,강릉지사,,,강원 삼척시 미로면 사둔리 사둔리 115,,"197,000",김완용,37.4287293645619,129.110309298188,강원,삼척시,미로면,"37.4287293645619,129.110309298188","https://www.google.com/maps?q=37.4287293645619,129.110309298188",길찾기
미접수,N,30893273.0,51783469.0,62608934,이자*,자인 장례토탈서비스,리텐션,관리고객,해지고위험,방문활동,,사전리텐션 방문활동 타겟 알림을 위한 VOC 생성,,>>,,SP,P000209,2025-12-31 10:48:34.0,,,직접입력,,VOC20251231104737962,해당없음,기본서비스,텔레캅아이,GiGAeyes i-special,초고속인터넷,TCP-IP(All-IoT),,,,1,영업채널본부,리텐션팀,,N,강원본부,원주지사,,,경기 가평군 상면 봉수리 101-4번지 자인 장례토탈서비스,,"590,000",안상현,37.8505729674478,127.289080021988,경기,가평군,상면,"37.8505729674478,127.289080021988","https://www.google.com/maps?q=37.8505729674478,127.289080021988",길찾기
처리완료,N,30135366.0,50423884.0,60523494,장인가구(주*,장인가구-원주/강원(View),리텐션,관리고객,해지고위험,방문활동,,사전리텐션 방문활동 타겟 알림을 위한 VOC 생성,,>>,,SP,P000201,2025-12-31 10:48:34.0,,,직접입력,,VOC20251231104737968,해당없음,기본서비스,텔레캅아이,ktt GiGAeyes view+(NVR),무회선,로컬운영,,,,1,영업채널본부,리텐션팀,,N,강원본부,원주지사,,,강원 원주시 흥업면 대안리389-3번지,,"40,000",김상태,37.3147117367038,127.890204706636,강원,원주시,흥업면,"37.3147117367038,127.890204706636","https://www.google.com/maps?q=37.3147117367038,127.890204706636",길찾기
처리완료,N,30753203.0,51527714.0,62068237,천사노인요양*,천사노인요양원(GiGAeyes guard),리텐션,관리고객,해지고위험,방문활동,,사전리텐션 방문활동 타겟 알림을 위한 VOC 생성,,>>,,SP,P000202,2025-12-31 10:48:34.0,,,직접입력,,VOC20251231104737980,해당없음,기본서비스,텔레캅아이,GiGAeyes guard+(DVR),초고속인터넷,TCP-IP(All-IoT),,,,1,영업채널본부,리텐션팀,,N,강원본부,원주지사,,,강원 원주시 봉산동 753-1 천사들의집 (가운데 요양원),,"181,819",김광호,37.3508964806822,127.967181682126,강원,원주시,봉산동,"37.3508964806822,127.967181682126","https://www.google.com/maps?q=37.3508964806822,127.967181682126",길찾기
처리완료,N,30667984.0,51373658.0,61744591,최은*,홀인원골프연습장(OCT),리텐션,관리고객,해지고위험,방문활동,,사전리텐션 방문활동 타겟 알림을 위한 VOC 생성,,>>,,SP,P000202,2025-12-31 10:48:34.0,,,직접입력,,VOC20251231104737990,해당없음,기본서비스,텔레캅아이,ktt OCT 가드(DVR),초고속인터넷,메인,,,,1,영업채널본부,리텐션팀,,N,강원본부,원주지사,,,강원 횡성군 횡성읍 조곡리 187-1 홀인원골프연습장 1층,,"230,000",김광호,37.4906525302063,128.030987853675,강원,횡성군,횡성읍,"37.4906525302063,128.030987853675","https://www.google.com/maps?q=37.4906525302063,128.030987853675",길찾기
처리완료,N,26009.0,50253752.0,60311872,주문진수산시장상인*,주문진수산시장상인회(OCT),리텐션,관리고객,해지고위험,방문활동,,사전리텐션 방문활동 타겟 알림을 위한 VOC 생성,,>>,,SP,P000102,2025-12-31 10:48:34.0,,,직접입력,,VOC20251231104737008,해당없음,기본서비스,텔레캅아이,ktt OCT 가드(NVR),무선회선,LTE Single KT,,,,1,영업채널본부,리텐션팀,,N,강원본부,강릉지사,,,강원 강릉시 주문진읍 시장길 38,,"240,000",신명우,37.8913702733163,128.827944913337,강원,강릉시,주문진읍,"37.8913702733163,128.827944913337","https://www.google.com/maps?q=37.8913702733163,128.827944913337",길찾기
접수,N,30690743.0,51415100.0,61829727,오준*,에이치디티 주식회사,리텐션,관리고객,해지고위험,방문활동,,사전리텐션 방문활동 타겟 알림을 위한 VOC 생성,,>>,,SP,P000202,2025-12-31 10:48:34.0,,,직접입력,,VOC20251231104737012,해당없음,기본서비스,텔레캅아이,GiGAeyes i-view,초고속인터넷,TCP-IP(All-IoT),,,,1,영업채널본부,리텐션팀,,N,강원본부,원주지사,,,강원 원주시 반곡동 1860-5번지 반곡_H타워 410호 (반곡동),,"22,000",김광호,37.3250648329597,127.977070965236,강원,원주시,반곡동,"37.3250648329597,127.977070965236","https://www.google.com/maps?q=37.3250648329597,127.977070965236",길찾기
처리완료,N,30444451.0,51592745.0,62204351,한국음악저작*,(사)한국음악저작권협회-강원센터,리텐션,관리고객,해지고위험,방문활동,,사전리텐션 방문활동 타겟 알림을 위한 VOC 생성,,>>,,SP,P000201,2025-12-31 10:48:34.0,,,직접입력,,VOC20251231104737036,해당없음,기본서비스,GiGAeyes Basic,GiGAeyes Basic,초고속인터넷,TCP-IP(All-IoT),,,,1,영업채널본부,리텐션팀,,N,강원본부,원주지사,,,강원 원주시 무실동 1721-5 로얄타워 504호,,"70,000",김상태,37.3413829200297,127.921798539638,강원,원주시,무실동,"37.3413829200297,127.921798539638","https://www.google.com/maps?q=37.3413829200297,127.921798539638",길찾기
처리완료,N,30487249.0,51017981.0,61215963,연세대학*,연세대학교 미래산학협력단(OCT),리텐션,관리고객,해지고위험,방문활동,,사전리텐션 방문활동 타겟 알림을 위한 VOC 생성,,>>,,SP,P000201,2025-12-31 10:48:34.0,,,직접입력,,VOC20251231104737044,해당없음,기본서비스,텔레캅아이,ktt OCT 가드(DVR),무선회선,WCDMA,,,,1,영업채널본부,리텐션팀,,N,강원본부,원주지사,,,강원 원주시 흥업면 연세대학교원주캠퍼스 창업보육관,,"190,000",김상태,,,강원,원주시,흥업면,,,
처리완료,N,30905962.0,51806710.0,62658273,주식회사  예스워*,해군사령부-희망드림간부숙소,리텐션,관리고객,해지고위험,방문활동,,사전리텐션 방문활동 타겟 알림을 위한 VOC 생성,,>>,,SP,P000104,2025-12-31 10:48:34.0,,,직접입력,,VOC20251231104737048,해당없음,기본서비스,텔레캅아이,ktt GiGAeyes view+(NVR),무회선,로컬운영,,,,1,영업채널본부,리텐션팀,,N,강원본부,강릉지사,,,강원 동해시 구미동 607-5 대동로42 희망드림아파트,,"250,000",김완용,,,강원,동해시,구미동,,,
처리완료,N,30933202.0,52041202.0,63160225,주식회사  예스워*,예스워크(GiGAeyes guard),리텐션,관리고객,해지고위험,방문활동,,사전리텐션 방문활동 타겟 알림을 위한 VOC 생성,,>>,,SP,P000201,2025-12-31 10:48:34.0,,,직접입력,,VOC20251231104737050,해당없음,기본서비스,텔레캅아이,GiGAeyes guard+(DVR),초고속인터넷,TCP-IP(All-IoT),,,,1,영업채널본부,리텐션팀,,N,강원본부,원주지사,,,강원 원주시 단구동 238-2 2층,,"54,000",김상태,37.3366382961687,127.961480265062,강원,원주시,단구동,"37.3366382961687,127.961480265062","https://www.google.com/maps?q=37.3366382961687,127.961480265062",길찾기
처리완료,N,30592469.0,51225831.0,61499717,곽정*,주문진활어횟센터(OCT),리텐션,관리고객,해지고위험,방문활동,,사전리텐션 방문활동 타겟 알림을 위한 VOC 생성,,>>,,SP,P000102,2025-12-31 10:48:34.0,,,직접입력,,VOC20251231104737060,해당없음,기본서비스,텔레캅아이,ktt OCT 가드(NVR),초고속인터넷,메인,,,,1,영업채널본부,리텐션팀,,N,강원본부,강릉지사,,,강원 강릉시 주문진읍 주문리 주문진활어횟센터,,"168,000",신명우,,,강원,강릉시,주문진읍,,,
처리완료,N,30859591.0,51717714.0,62474211,곽정*,주문진서울횟집(평창),리텐션,관리고객,해지고위험,방문활동,,사전리텐션 방문활동 타겟 알림을 위한 VOC 생성,,>>,,SP,P000202,2025-12-31 10:48:34.0,,,직접입력,,VOC20251231104737062,해당없음,기본서비스,텔레캅아이,ktt GiGAeyes view+(NVR),무회선,로컬운영,,,,1,영업채널본부,리텐션팀,,N,강원본부,원주지사,,,강원 평창군 봉평면 면온리 227-2 .,,"35,000",김광호,37.570066104792,128.371482515613,강원,평창군,봉평면,"37.570066104792,128.371482515613","https://www.google.com/maps?q=37.570066104792,128.371482515613",길찾기
미접수,N,31017758.0,20404002.0,20404002,김용*,현대맨션,리텐션,관리고객,해지고위험,방문활동,,사전리텐션 방문활동 타겟 알림을 위한 VOC 생성,,>>,,SP,P000206,2025-12-31 10:48:34.0,,,직접입력,,VOC20251231104737068,해당없음,기본서비스,텔레캅아이,ktt OCT 가드(DVR),무선회선,MVNO,,,,1,영업채널본부,리텐션팀,,N,강원본부,원주지사,,,강원 춘천시 후평동 846-1,,"200,000",안상현,37.8841133986093,127.741378638331,강원,춘천시,후평동,"37.8841133986093,127.741378638331","https://www.google.com/maps?q=37.8841133986093,127.741378638331",길찾기
처리완료,N,30992454.0,51966802.0,63002221,(주)샘물정보통*,샘물정보통신(GiGAeyes patrol),리텐션,관리고객,해지고위험,방문활동,,사전리텐션 방문활동 타겟 알림을 위한 VOC 생성,,>>,,SP,P000103,2025-12-31 10:48:34.0,,,직접입력,,VOC20251231104737074,해당없음,기본서비스,텔레캅아이,GiGAeyes patrol,무회선,로컬운영,,,,1,영업채널본부,리텐션팀,,N,강원본부,강릉지사,,,강원 양양군 강현면 전진리 57-1 해우당 .,,"200,000",김성래,38.1264167541578,128.62852040205,강원,양양군,강현면,"38.1264167541578,128.62852040205","https://www.google.com/maps?q=38.1264167541578,128.62852040205",길찾기
미접수,N,31107671.0,52135501.0,63300504,사회복지법인남강재*,홈에버그린,리텐션,관리고객,해지고위험,방문활동,,사전리텐션 방문활동 타겟 알림을 위한 VOC 생성,,>>,,SP,P000206,2025-12-31 10:48:34.0,,,직접입력,,VOC20251231104737076,해당없음,기본서비스,텔레캅아이,KT단독상품,초고속인터넷,TCP-IP(All-IoT),,,,1,영업채널본부,리텐션팀,,N,강원본부,원주지사,,,강원 춘천시 신북읍 산천리 345-4,,"190,000",안상현,37.9469876712255,127.749332725914,강원,춘천시,신북읍,"37.9469876712255,127.749332725914","https://www.google.com/maps?q=37.9469876712255,127.749332725914",길찾기
처리완료,N,30473340.0,50993495.0,61186718,농업회사법인(주) 중부바이오*,중부바이오텍(GiGAeyes guard),리텐션,관리고객,해지고위험,방문활동,,사전리텐션 방문활동 타겟 알림을 위한 VOC 생성,,>>,,SP,P000201,2025-12-31 10:48:34.0,,,직접입력,,VOC20251231104737102,해당없음,기본서비스,텔레캅아이,GiGAeyes guard+(NVR),무선회선,LTE-M,,,,1,영업채널본부,리텐션팀,,N,강원본부,원주지사,,,강원 원주시 흥업면 사제리 1574-1,,"176,000",김상태,37.3288309658492,127.877632656014,강원,원주시,흥업면,"37.3288309658492,127.877632656014","https://www.google.com/maps?q=37.3288309658492,127.877632656014",길찾기
처리완료,N,30575095.0,51191239.0,61449154,구도*,한국주방산업(OCT),리텐션,관리고객,해지고위험,방문활동,,사전리텐션 방문활동 타겟 알림을 위한 VOC 생성,,>>,,SP,P000102,2025-12-31 10:48:34.0,,,직접입력,,VOC20251231104737104,해당없음,기본서비스,텔레캅아이,ktt OCT 가드(NVR),무선회선,LTE Single KT,,,,1,영업채널본부,리텐션팀,,N,강원본부,강릉지사,,,강원 강릉시 죽헌동 240 1층,,"176,000",신명우,37.7818344579513,128.8797834128,강원,강릉시,죽헌동,"37.7818344579513,128.8797834128","https://www.google.com/maps?q=37.7818344579513,128.8797834128",길찾기
접수,N,30892931.0,51782892.0,62607675,케이피씨 주식회*,케이피씨(OCT),리텐션,관리고객,해지고위험,방문활동,,사전리텐션 방문활동 타겟 알림을 위한 VOC 생성,,>>,,SP,P000202,2025-12-31 10:48:34.0,,,직접입력,,VOC20251231104737122,해당없음,기본서비스,텔레캅아이,ktt OCT 가드(NVR),초고속인터넷,메인,,,,1,영업채널본부,리텐션팀,,N,강원본부,원주지사,,,강원 원주시 반곡동 266-3번지,,"160,000",김광호,37.3304168930316,127.998369102597,강원,원주시,반곡동,"37.3304168930316,127.998369102597","https://www.google.com/maps?q=37.3304168930316,127.998369102597",길찾기
접수,N,30536010.0,51117664.0,61346321,(주)삼호태양광발전*,삼호태양광발전소(OCT),리텐션,관리고객,해지고위험,방문활동,,사전리텐션 방문활동 타겟 알림을 위한 VOC 생성,,>>,,SP,P000104,2025-12-31 10:48:34.0,,,직접입력,,VOC20251231104737126,해당없음,기본서비스,텔레캅아이,ktt OCT 가드(NVR),초고속인터넷,메인,,,,1,영업채널본부,리텐션팀,,N,강원본부,강릉지사,,,강원 삼척시 원덕읍 노곡리 산158-1,,"160,000",김완용,37.205885777062,129.338117152334,강원,삼척시,원덕읍,"37.205885777062,129.338117152334","https://www.google.com/maps?q=37.205885777062,129.338117152334",길찾기
미접수,N,30674514.0,51385527.0,61769530,홍봉*,화천랜드(주),리텐션,관리고객,해지고위험,방문활동,,사전리텐션 방문활동 타겟 알림을 위한 VOC 생성,,>>,,SP,P000206,2025-12-31 10:48:34.0,,,직접입력,,VOC20251231104737158,해당없음,기본서비스,텔레캅아이,ktt GiGAeyes view+(NVR),무회선,로컬운영,,,,1,영업채널본부,리텐션팀,,N,강원본부,원주지사,,,강원 화천군 사내면 사창리 691-2 화천랜드(주),,"205,000",안상현,38.0743832152843,127.514673625989,강원,화천군,사내면,"38.0743832152843,127.514673625989","https://www.google.com/maps?q=38.0743832152843,127.514673625989",길찾기
미접수,N,30907815.0,51810041.0,62665122,최윤*,자우미디어(GiGAeyes guard),리텐션,관리고객,해지고위험,방문활동,,사전리텐션 방문활동 타겟 알림을 위한 VOC 생성,,>>,,SP,P000206,2025-12-31 10:48:34.0,,,직접입력,,VOC20251231104737160,해당없음,기본서비스,텔레캅아이,GiGAeyes guard+(DVR),초고속인터넷,TCP-IP(All-IoT),,,,1,영업채널본부,리텐션팀,,N,강원본부,원주지사,,,강원 춘천시 후평동 558-1 7층 719호,,"75,000",안상현,37.8878980429149,127.745056211989,강원,춘천시,후평동,"37.8878980429149,127.745056211989","https://www.google.com/maps?q=37.8878980429149,127.745056211989",길찾기
미접수,N,30900343.0,51796674.0,62636305,고범*,파미르,리텐션,관리고객,해지고위험,방문활동,,사전리텐션 방문활동 타겟 알림을 위한 VOC 생성,,>>,,SP,P000206,2025-12-31 10:48:34.0,,,직접입력,,VOC20251231104737168,해당없음,기본서비스,텔레캅아이,GiGAeyes i-special,초고속인터넷,TCP-IP(All-IoT),,,,1,영업채널본부,리텐션팀,,N,강원본부,원주지사,,,강원 춘천시 동면 장학리 139-157번지,,"260,000",안상현,37.8949924464858,127.779493649753,강원,춘천시,동면,"37.8949924464858,127.779493649753","https://www.google.com/maps?q=37.8949924464858,127.779493649753",길찾기
처리완료,N,30869482.0,51946105.0,62957136,경동대학교 산학협력*,THE자람늘봄센터(GiGAeyes guard),리텐션,관리고객,해지고위험,방문활동,,사전리텐션 방문활동 타겟 알림을 위한 VOC 생성,,>>,,SP,P000201,2025-12-31 10:48:34.0,,,직접입력,,VOC20251231104737172,해당없음,기본서비스,텔레캅아이,GiGAeyes guard+(DVR),초고속인터넷,TCP-IP(All-IoT),,,,1,영업채널본부,리텐션팀,,N,강원본부,원주지사,,,강원 원주시 지정면 가곡리 1497-1 8층,,"120,000",김상태,37.3825285309256,127.873026798198,강원,원주시,지정면,"37.3825285309256,127.873026798198","https://www.google.com/maps?q=37.3825285309256,127.873026798198",길찾기
처리완료,N,30869482.0,51810042.0,62665124,경동대학교 산학협력*,해오름 공동육아나눔터,리텐션,관리고객,해지고위험,방문활동,,사전리텐션 방문활동 타겟 알림을 위한 VOC 생성,,>>,,SP,P000103,2025-12-31 10:48:34.0,,,직접입력,,VOC20251231104737174,해당없음,기본서비스,텔레캅아이,ktt GiGAeyes view+(DVR),무회선,로컬운영,,,,1,영업채널본부,리텐션팀,,N,강원본부,강릉지사,,,강원 양양군 양양읍 서문리 159-2 해오름아파트3동 103호,,"22,000",김성래,38.0722460709899,128.618834304637,강원,양양군,양양읍,"38.0722460709899,128.618834304637","https://www.google.com/maps?q=38.0722460709899,128.618834304637",길찾기
처리완료,N,186436.0,11278279.0,11278279,우주환경산*,우주환경산업(OCT),리텐션,관리고객,해지고위험,방문활동,,사전리텐션 방문활동 타겟 알림을 위한 VOC 생성,,>>,,SP,P000103,2025-12-31 10:48:34.0,,,직접입력,,VOC20251231104737186,해당없음,기본서비스,텔레캅아이,ktt OCT 가드(NVR),초고속인터넷,메인,,,,1,영업채널본부,리텐션팀,,N,강원본부,강릉지사,,,강원 고성군 토성면 아야진리 589-1,,"84,000",김성래,38.2690625554112,128.532331596412,강원,고성군,토성면,"38.2690625554112,128.532331596412","https://www.google.com/maps?q=38.2690625554112,128.532331596412",길찾기
접수,N,30636559.0,51361748.0,61719977,박나*,휴드림농원,리텐션,관리고객,해지고위험,방문활동,,사전리텐션 방문활동 타겟 알림을 위한 VOC 생성,,>>,,SP,P000202,2025-12-31 10:48:34.0,,,직접입력,,VOC20251231104737196,해당없음,기본서비스,텔레캅아이,GiGAeyes i-special,초고속인터넷,TCP-IP(All-IoT),,,,1,영업채널본부,리텐션팀,,N,강원본부,원주지사,,,강원 횡성군 둔내면 현천리 785-9,,"240,000",김광호,37.4795009911868,128.17426817708,강원,횡성군,둔내면,"37.4795009911868,128.17426817708","https://www.google.com/maps?q=37.4795009911868,128.17426817708",길찾기
처리완료,N,30590790.0,51222711.0,61495094,김용*,에이치앤케어(OCT),리텐션,관리고객,해지고위험,방문활동,,사전리텐션 방문활동 타겟 알림을 위한 VOC 생성,,>>,,SP,P000201,2025-12-31 10:48:34.0,,,직접입력,,VOC20251231104737198,해당없음,기본서비스,텔레캅아이,ktt OCT 가드(NVR),초고속인터넷,메인,,,,1,영업채널본부,리텐션팀,,N,강원본부,원주지사,,,강원 원주시 문막읍 반계리 101 (주) 에이치앤케어,,"180,000",김상태,37.2993214401438,127.796144042304,강원,원주시,문막읍,"37.2993214401438,127.796144042304","https://www.google.com/maps?q=37.2993214401438,127.796144042304",길찾기
처리완료,N,30223427.0,51093248.0,61314916,(주)우주텔레*,우주텔레콤2(OCT),리텐션,관리고객,해지고위험,방문활동,,사전리텐션 방문활동 타겟 알림을 위한 VOC 생성,,>>,,SP,P000201,2025-12-31 10:48:34.0,,,직접입력,,VOC20251231104737222,해당없음,기본서비스,텔레캅아이,ktt OCT 가드(NVR),무선회선,LTE Single KT,,,,1,영업채널본부,리텐션팀,,N,강원본부,원주지사,,,강원 원주시 무실동 715 2동,,"100,000",김상태,37.3212263440852,127.921303404586,강원,원주시,무실동,"37.3212263440852,127.921303404586","https://www.google.com/maps?q=37.3212263440852,127.921303404586",길찾기
처리완료,N,30068990.0,50148961.0,60179089,양양국유림관리*,양양국유림관리소-청사(OCT),리텐션,관리고객,해지고위험,방문활동,,사전리텐션 방문활동 타겟 알림을 위한 VOC 생성,,>>,,SP,P000103,2025-12-31 10:48:34.0,,,직접입력,,VOC20251231104737226,해당없음,기본서비스,텔레캅아이,ktt OCT 가드(DVR),무선회선,LTE Single KT,,,,1,영업채널본부,리텐션팀,,N,강원본부,강릉지사,,,강원 양양군 양양읍 연창리107-2,,"90,000",김성래,38.0811959965911,128.626089116251,강원,양양군,양양읍,"38.0811959965911,128.626089116251","https://www.google.com/maps?q=38.0811959965911,128.626089116251",길찾기
처리완료,N,30387907.0,50838561.0,61005003,(주)황원레미콘아스콘산*,황원레미콘아스콘산업(OCT),리텐션,관리고객,해지고위험,방문활동,,사전리텐션 방문활동 타겟 알림을 위한 VOC 생성,,>>,,SP,P000103,2025-12-31 10:48:34.0,,,직접입력,,VOC20251231104737232,해당없음,기본서비스,텔레캅아이,ktt OCT 가드(NVR),무선회선,LTE Single KT,,,,1,영업채널본부,리텐션팀,,N,강원본부,강릉지사,,,강원 고성군 토성면 용원로547-14,,"126,000",김성래,38.2151999518177,128.525680533607,강원,고성군,토성면,"38.2151999518177,128.525680533607","https://www.google.com/maps?q=38.2151999518177,128.525680533607",길찾기
처리완료,N,30895066.0,51787599.0,62616890,(재)성바오로수도*,(재)성바오로수도회 강릉(GiGAeyes guard),리텐션,관리고객,해지고위험,방문활동,,사전리텐션 방문활동 타겟 알림을 위한 VOC 생성,,>>,,SP,P000102,2025-12-31 10:48:34.0,,,직접입력,,VOC20251231104737246,해당없음,기본서비스,텔레캅아이,GiGAeyes guard+(NVR),초고속인터넷,TCP-IP(All-IoT),,,,1,영업채널본부,리텐션팀,,N,강원본부,강릉지사,,,강원 강릉시 연곡면 홍질목길 22-1,,"60,000",신명우,37.8673096108186,128.842965433452,강원,강릉시,연곡면,"37.8673096108186,128.842965433452","https://www.google.com/maps?q=37.8673096108186,128.842965433452",길찾기
처리완료,N,30191086.0,50843637.0,61010861,(주)삼창산*,삼창산업현장(OCT),리텐션,관리고객,해지고위험,방문활동,,사전리텐션 방문활동 타겟 알림을 위한 VOC 생성,,>>,,SP,P000201,2025-12-31 10:48:34.0,,,직접입력,,VOC20251231104737252,해당없음,기본서비스,텔레캅아이,ktt OCT 가드(NVR),초고속인터넷,메인,,,,1,영업채널본부,리텐션팀,,N,강원본부,원주지사,,,강원 원주시 부론면 손곡리 산 182,,"148,000",김상태,37.2500430067227,127.803812751296,강원,원주시,부론면,"37.2500430067227,127.803812751296","https://www.google.com/maps?q=37.2500430067227,127.803812751296",길찾기
처리완료,N,30463219.0,50988782.0,61181207,삼성솔라이엔에스주식회*,삼성솔라이엔에스(OCT),리텐션,관리고객,해지고위험,방문활동,,사전리텐션 방문활동 타겟 알림을 위한 VOC 생성,,>>,,SP,P000101,2025-12-31 10:48:34.0,,,직접입력,,VOC20251231104737260,해당없음,기본서비스,텔레캅아이,ktt OCT 가드(NVR),초고속인터넷,메인,,,,1,영업채널본부,리텐션팀,,N,강원본부,강릉지사,,,강원 강릉시 강동면 산성우리 산156,,"160,000",최정훈,37.6616274073793,129.015264730718,강원,강릉시,강동면,"37.6616274073793,129.015264730718","https://www.google.com/maps?q=37.6616274073793,129.015264730718",길찾기
처리완료,N,30342128.0,50745838.0,60896872,조규*,명륜동성당(OCT),리텐션,관리고객,해지고위험,방문활동,,사전리텐션 방문활동 타겟 알림을 위한 VOC 생성,,>>,,SP,P000202,2025-12-31 10:48:34.0,,,직접입력,,VOC20251231104737262,해당없음,기본서비스,텔레캅아이,ktt OCT 가드(DVR),무선회선,LTE Single KT,,,,1,영업채널본부,리텐션팀,,N,강원본부,원주지사,,,강원 원주시 인동 원일로 28,,"198,750",김광호,37.3460599558472,127.953484378016,강원,원주시,인동,"37.3460599558472,127.953484378016","https://www.google.com/maps?q=37.3460599558472,127.953484378016",길찾기
처리완료,N,30148933.0,52043361.0,63164826,양양자원개발합자회*,양양자원개발-크라샤,리텐션,관리고객,해지고위험,방문활동,,사전리텐션 방문활동 타겟 알림을 위한 VOC 생성,,>>,,SP,P000103,2025-12-31 10:48:34.0,,,직접입력,,VOC20251231104737272,해당없음,기본서비스,텔레캅아이,ktt GiGAeyes view+(NVR),무회선,로컬운영,,,,1,영업채널본부,리텐션팀,,N,강원본부,강릉지사,,,강원 양양군 서면 장승리 484 양양자원개발(합) .,,"145,000",김성래,38.0947428069876,128.558856328359,강원,양양군,서면,"38.0947428069876,128.558856328359","https://www.google.com/maps?q=38.0947428069876,128.558856328359",길찾기
처리완료,N,30591301.0,50385822.0,60472764,강촌칼론골프클럽(주*,강촌칼론골프클럽-클럽하우스(OCT),리텐션,관리고객,해지고위험,방문활동,,사전리텐션 방문활동 타겟 알림을 위한 VOC 생성,,>>,,SP,P000207,2025-12-31 10:48:34.0,,,직접입력,,VOC20251231104737274,해당없음,기본서비스,텔레캅아이,ktt OCT 가드(DVR),무선회선,MVNO,,,,1,영업채널본부,리텐션팀,,N,강원본부,원주지사,,,강원 춘천시 남산면 수동리 산30,,"100,000",경규원,37.7721785570099,127.654200050879,강원,춘천시,남산면,"37.7721785570099,127.654200050879","https://www.google.com/maps?q=37.7721785570099,127.654200050879",길찾기
처리완료,N,30007328.0,50282611.0,60347051,신영종합개발(주*,신영종합개발(카트보관운영사무실),리텐션,관리고객,해지고위험,방문활동,,사전리텐션 방문활동 타겟 알림을 위한 VOC 생성,,>>,,SP,P000207,2025-12-31 10:48:34.0,,,직접입력,,VOC20251231104737282,해당없음,기본서비스,GiGAeyes Basic,GiGAeyes Basic,무선회선,LTE Single KT,,,,1,영업채널본부,리텐션팀,,N,강원본부,원주지사,,,강원 춘천시 동산면 군자리 산245,,"175,000",경규원,37.7481254817314,127.725106496073,강원,춘천시,동산면,"37.7481254817314,127.725106496073","https://www.google.com/maps?q=37.7481254817314,127.725106496073",길찾기
처리완료,N,30679052.0,51401249.0,61801169,김상*,서울니어치과,리텐션,관리고객,해지고위험,방문활동,,사전리텐션 방문활동 타겟 알림을 위한 VOC 생성,,>>,,SP,P000201,2025-12-31 10:48:34.0,,,직접입력,,VOC20251231104737288,해당없음,기본서비스,텔레캅아이,GiGAeyes guard+(NVR),초고속인터넷,TCP-IP(All-IoT),,,,1,영업채널본부,리텐션팀,,N,강원본부,원주지사,,,강원 원주시 지정면 가곡리 1348-7 센트럴타워3층  원주니어치과,,"200,000",김상태,37.3742877892319,127.875847520826,강원,원주시,지정면,"37.3742877892319,127.875847520826","https://www.google.com/maps?q=37.3742877892319,127.875847520826",길찾기
처리완료,N,30291370.0,50702360.0,60847116,의료법인기호재단동해요양병*,동해요양병원(OCT),리텐션,관리고객,해지고위험,방문활동,,사전리텐션 방문활동 타겟 알림을 위한 VOC 생성,,>>,,SP,P000104,2025-12-31 10:48:34.0,,,직접입력,,VOC20251231104737294,해당없음,기본서비스,텔레캅아이,ktt OCT 가드(NVR),공중회선,메인,,,,1,영업채널본부,리텐션팀,,N,강원본부,강릉지사,,,강원 동해시 천곡동 중앙로 218,,"350,000",김완용,37.520374673953,129.11576224427,강원,동해시,천곡동,"37.520374673953,129.11576224427","https://www.google.com/maps?q=37.520374673953,129.11576224427",길찾기
처리완료,N,90025308.0,51162874.0,61407414,케이티엔지니어*,케이티엔지니어링문막창고,리텐션,관리고객,해지고위험,방문활동,,사전리텐션 방문활동 타겟 알림을 위한 VOC 생성,,>>,,SP,P000201,2025-12-31 10:48:34.0,,,직접입력,,VOC20251231104737302,해당없음,기본서비스,GiGAeyes Basic,GiGAeyes Basic,무선회선,MVNO,,,,1,영업채널본부,리텐션팀,,N,강원본부,원주지사,,,강원 원주시 문막읍 건등리 1255-4 번지 문막분기국사 내 창고,,"60,000",김상태,37.3159814633158,127.829892753134,강원,원주시,문막읍,"37.3159814633158,127.829892753134","https://www.google.com/maps?q=37.3159814633158,127.829892753134",길찾기
처리완료,N,30989433.0,51138519.0,61374587,성이바이오제약(주*,성이바이오제약(OCT),리텐션,관리고객,해지고위험,방문활동,,사전리텐션 방문활동 타겟 알림을 위한 VOC 생성,,>>,,SP,P000201,2025-12-31 10:48:34.0,,,직접입력,,VOC20251231104737310,해당없음,기본서비스,텔레캅아이,ktt OCT 가드(NVR),무선회선,MVNO,,,,1,영업채널본부,리텐션팀,,N,강원본부,원주지사,,,강원 원주시 지정면 가곡리 1048번지 성이바이오,,"275,000",김상태,37.3656908090311,127.861608481725,강원,원주시,지정면,"37.3656908090311,127.861608481725","https://www.google.com/maps?q=37.3656908090311,127.861608481725",길찾기
처리완료,N,30260672.0,50973793.0,61164121,이인*,인자이프-속초리조트(GiGAeyes guard),리텐션,관리고객,해지고위험,방문활동,,사전리텐션 방문활동 타겟 알림을 위한 VOC 생성,,>>,,SP,P000103,2025-12-31 10:48:34.0,,,직접입력,,VOC20251231104737316,해당없음,기본서비스,텔레캅아이,GiGAeyes guard+(NVR),무선회선,NB-IOT,,,,1,영업채널본부,리텐션팀,,N,강원본부,강릉지사,,,강원 속초시 조양동 1401,,"325,000",김성래,38.1890989509855,128.600816793141,강원,속초시,조양동,"38.1890989509855,128.600816793141","https://www.google.com/maps?q=38.1890989509855,128.600816793141",길찾기
처리완료,N,30906783.0,51808119.0,62661190,박영*,도담피그몰(GiGAeyes guard),리텐션,관리고객,해지고위험,방문활동,,사전리텐션 방문활동 타겟 알림을 위한 VOC 생성,,>>,,SP,P000208,2025-12-31 10:48:34.0,,,직접입력,,VOC20251231104737324,해당없음,기본서비스,텔레캅아이,GiGAeyes guard+(DVR),초고속인터넷,TCP-IP(All-IoT),,,,1,영업채널본부,리텐션팀,,N,강원본부,원주지사,,,강원 인제군 북면월학리 1454,,"300,000",경규원,38.1628972774155,128.190610941,강원,인제군,북면,"38.1628972774155,128.190610941","https://www.google.com/maps?q=38.1628972774155,128.190610941",길찾기
접수,N,30955164.0,51398234.0,61795529,송아*,위아펜션,리텐션,관리고객,해지고위험,방문활동,,사전리텐션 방문활동 타겟 알림을 위한 VOC 생성,,>>,,SP,P000104,2025-12-31 10:48:34.0,,,직접입력,,VOC20251231104737326,해당없음,기본서비스,텔레캅아이,ktt GiGAeyes view+(NVR),무회선,로컬운영,,,,1,영업채널본부,리텐션팀,,N,강원본부,강릉지사,,,강원 삼척시 근덕면 용화리 252-2 위아레펜션,,"120,000",김완용,37.2903773762839,129.300064391648,강원,삼척시,근덕면,"37.2903773762839,129.300064391648","https://www.google.com/maps?q=37.2903773762839,129.300064391648",길찾기
처리완료,N,31088505.0,52116335.0,63281338,맥린씨앤디주식회*,강릉맥린리빙타운,리텐션,관리고객,해지고위험,방문활동,,사전리텐션 방문활동 타겟 알림을 위한 VOC 생성,,>>,,SP,P000101,2025-12-31 10:48:34.0,,,직접입력,,VOC20251231104737334,해당없음,기본서비스,텔레캅아이,KT단독상품,초고속인터넷,TCP-IP(All-IoT),,,,1,영업채널본부,리텐션팀,,N,강원본부,강릉지사,,,강원 강릉시 입암동  508-5 (입암동),,"190,000",최정훈,37.7567381724341,128.911010514616,강원,강릉시,입암동,"37.7567381724341,128.911010514616","https://www.google.com/maps?q=37.7567381724341,128.911010514616",길찾기
미접수,N,30599036.0,51242253.0,61522890,김성인김성*,통나무집닭갈비(본점)(OCT),리텐션,관리고객,해지고위험,방문활동,,사전리텐션 방문활동 타겟 알림을 위한 VOC 생성,,>>,,SP,P000206,2025-12-31 10:48:34.0,,,직접입력,,VOC20251231104737336,해당없음,기본서비스,텔레캅아이,ktt OCT 가드(NVR),초고속인터넷,메인,,,,1,영업채널본부,리텐션팀,,N,강원본부,원주지사,,,강원 춘천시 신북읍 천전리 38-26,,"261,000",안상현,37.9330389872733,127.793288517271,강원,춘천시,신북읍,"37.9330389872733,127.793288517271","https://www.google.com/maps?q=37.9330389872733,127.793288517271",길찾기
처리완료,N,30667663.0,51649951.0,62329666,새한신용정보(주*,새한신용정보(주),리텐션,관리고객,해지고위험,방문활동,,사전리텐션 방문활동 타겟 알림을 위한 VOC 생성,,>>,,SP,P000201,2025-12-31 10:48:34.0,,,직접입력,,VOC20251231104737360,해당없음,기본서비스,텔레캅아이,ktt GiGAeyes view+(DVR),무회선,로컬운영,,,,1,영업채널본부,리텐션팀,,N,강원본부,원주지사,,,강원 원주시 단구동 늘품로 110,,"80,000",김상태,37.328564756793,127.955202858098,강원,원주시,단구동,"37.328564756793,127.955202858098","https://www.google.com/maps?q=37.328564756793,127.955202858098",길찾기
처리완료,N,30123389.0,50908564.0,61090072,김복*,재단법인한국기후변화연구원(OCT),리텐션,관리고객,해지고위험,방문활동,,사전리텐션 방문활동 타겟 알림을 위한 VOC 생성,,>>,,SP,P000207,2025-12-31 10:48:34.0,,,직접입력,,VOC20251231104737372,해당없음,기본서비스,텔레캅아이,ktt OCT 가드(NVR),무선회선,LTE Single KT,,,,1,영업채널본부,리텐션팀,,N,강원본부,원주지사,,,강원 춘천시 삼천동 13-1번지,,"130,000",경규원,37.8726645730837,127.707317752369,강원,춘천시,삼천동,"37.8726645730837,127.707317752369","https://www.google.com/maps?q=37.8726645730837,127.707317752369",길찾기
처리완료,N,30701080.0,51433697.0,61868916,박영*,주식회사홍인로지스틱,리텐션,관리고객,해지고위험,방문활동,,사전리텐션 방문활동 타겟 알림을 위한 VOC 생성,,>>,,SP,P000202,2025-12-31 10:48:34.0,,,직접입력,,VOC20251231104737378,해당없음,기본서비스,텔레캅아이,ktt GiGAeyes view+(NVR),무회선,로컬운영,,,,1,영업채널본부,리텐션팀,,N,강원본부,원주지사,,,강원 원주시 가현동 694 .,,"130,000",김광호,37.3886441113421,127.920398922878,강원,원주시,가현동,"37.3886441113421,127.920398922878","https://www.google.com/maps?q=37.3886441113421,127.920398922878",길찾기
접수,N,30334082.0,20561004.0,20561004,박지*,박동기부동산(view-dvr),리텐션,관리고객,해지고위험,방문활동,,사전리텐션 방문활동 타겟 알림을 위한 VOC 생성,,>>,,SP,P000103,2025-12-31 10:48:34.0,,,직접입력,,VOC20251231104737380,해당없음,기본서비스,텔레캅아이,ktt GiGAeyes view+(DVR),무회선,로컬운영,,,,1,영업채널본부,리텐션팀,,N,강원본부,강릉지사,,,강원 속초시 조양동 동해대로 4135,,"130,000",김성래,38.1892574302157,128.581963408285,강원,속초시,조양동,"38.1892574302157,128.581963408285","https://www.google.com/maps?q=38.1892574302157,128.581963408285",길찾기
처리완료,N,30544127.0,51130602.0,61363080,전찬*,단계동빵집(GiGAeyes guard),리텐션,관리고객,해지고위험,방문활동,,사전리텐션 방문활동 타겟 알림을 위한 VOC 생성,,>>,,SP,P000201,2025-12-31 10:48:34.0,,,직접입력,,VOC20251231104737398,해당없음,기본서비스,텔레캅아이,GiGAeyes guard+(DVR),초고속인터넷,TCP-IP(All-IoT),,,,1,영업채널본부,리텐션팀,,N,강원본부,원주지사,,,강원 원주시 단계동 658-2 5-4 (구. 문어로),,"130,000",김상태,,,강원,원주시,단계동,,,
처리완료,N,31000086.0,51980674.0,63032444,이창*,비티에스(OCT),리텐션,관리고객,해지고위험,방문활동,,사전리텐션 방문활동 타겟 알림을 위한 VOC 생성,,>>,,SP,P000101,2025-12-31 10:48:34.0,,,직접입력,,VOC20251231104737414,해당없음,기본서비스,텔레캅아이,ktt OCT 가드(NVR),초고속인터넷,메인,,,,1,영업채널본부,리텐션팀,,N,강원본부,강릉지사,,,강원 강릉시 임당동 86,,"70,000",최정훈,37.7550526261536,128.896061330714,강원,강릉시,임당동,"37.7550526261536,128.896061330714","https://www.google.com/maps?q=37.7550526261536,128.896061330714",길찾기
처리완료,N,30421629.0,51995585.0,63062942,지에스네오텍(주*,지에스네오텍(주),리텐션,관리고객,해지고위험,방문활동,,사전리텐션 방문활동 타겟 알림을 위한 VOC 생성,권태경,서비스>>기타,,SP,P000203,2025-12-31 10:48:34.0,2025-12-31 10:53:02.0,2025-12-31 10:53:02.0,직접입력,,VOC20251231104737190,해당없음,기본서비스,텔레캅아이,Self,무회선,로컬운영,,,,1,영업채널본부,리텐션팀,,N,강원본부,원주지사,해당없음,,강원 영월군 남면 창원리 429-2,,"50,000",김상태,37.1789472122459,128.386604080479,강원,영월군,남면,"37.1789472122459,128.386604080479","https://www.google.com/maps?q=37.1789472122459,128.386604080479",길찾기
처리완료,N,30421217.0,50968323.0,61156711,주식회사 주*,푸르벨라2차,리텐션,관리고객,해지고위험,방문활동,,사전리텐션 방문활동 타겟 알림을 위한 VOC 생성,,>>,,SP,P000101,2025-12-31 10:48:34.0,,,직접입력,,VOC20251231104737886,해당없음,기본서비스,텔레캅아이,ktt GiGAeyes view+(NVR),무회선,로컬운영,,,,1,영업채널본부,리텐션팀,,N,강원본부,강릉지사,,,강원 강릉시 홍제동 선수촌로 63번길 18-15,,"154,546",최정훈,37.7578400829951,128.868371004052,강원,강릉시,홍제동,"37.7578400829951,128.868371004052","https://www.google.com/maps?q=37.7578400829951,128.868371004052",길찾기
